genesis 5_armada VS leffen/images/frame_229.jpg,102,0,536,360,Final Destination,0.99902177
genesis 5_armada VS leffen/images/frame_670.jpg,102,0,536,360,Battlefield,0.99748445
genesis 5_armada VS leffen/images/frame_251.jpg,102,0,536,360,Final Destination,0.9887456
genesis 5_armada VS leffen/images/frame_552.jpg,101,0,536,360,Battlefield,0.99856323
genesis 5_armada VS leffen/images/frame_677.jpg,102,0,536,360,Battlefield,0.99582714
genesis 5_armada VS leffen/images/frame_21.jpg,101,0,535,360,Dreamland,0.9987907
genesis 5_armada VS leffen/images/frame_426.jpg,102,0,536,360,Battlefield,0.9987874
genesis 5_armada VS leffen/images/frame_158.jpg,102,0,536,360,Dreamland,0.9986255
genesis 5_armada VS leffen/images/frame_326.jpg,101,1,535,360,Final Destination,0.99671125
genesis 5_armada VS leffen/images/frame_223.jpg,101,0,536,360,Final Destination,0.9953728
genesis 5_armada VS leffen/images/frame_655.jpg,102,0,537,359,Battlefield,0.9972702
genesis 5_armada VS leffen/images/frame_233.jpg,101,0,536,360,Final Destination,0.99761486
genesis 5_armada VS leffen/images/frame_365.jpg,103,0,537,359,Final Destination,0.9968145
genesis 5_armada VS leffen/images/frame_517.jpg,102,0,536,359,Battlefield,0.99817085
genesis 5_armada VS leffen/images/frame_358.jpg,102,0,535,358,Final Destination,0.9957135
genesis 5_armada VS leffen/images/frame_146.jpg,101,0,536,360,Dreamland,0.9990236
genesis 5_armada VS leffen/images/frame_131.jpg,101,0,536,360,Dreamland,0.99909145
genesis 5_armada VS leffen/images/frame_257.jpg,102,0,536,360,Final Destination,0.9989042
genesis 5_armada VS leffen/images/frame_639.jpg,101,0,536,360,Battlefield,0.99603295
genesis 5_armada VS leffen/images/frame_168.jpg,102,0,536,360,Dreamland,0.9988557
genesis 5_armada VS leffen/images/frame_532.jpg,101,1,536,360,Battlefield,0.99851465
genesis 5_armada VS leffen/images/frame_238.jpg,102,0,536,360,Final Destination,0.9968518
genesis 5_armada VS leffen/images/frame_486.jpg,102,0,536,359,Battlefield,0.99719167
genesis 5_armada VS leffen/images/frame_658.jpg,102,0,536,360,Battlefield,0.99424976
genesis 5_armada VS leffen/images/frame_153.jpg,103,0,536,359,Dreamland,0.99803805
genesis 5_armada VS leffen/images/frame_644.jpg,102,0,535,360,Battlefield,0.9981547
genesis 5_armada VS leffen/images/frame_203.jpg,102,0,536,360,Final Destination,0.9972404
genesis 5_armada VS leffen/images/frame_282.jpg,101,0,536,360,Final Destination,0.99842536
genesis 5_armada VS leffen/images/frame_161.jpg,102,0,536,359,Dreamland,0.9993119
genesis 5_armada VS leffen/images/frame_391.jpg,102,0,537,360,Battlefield,0.9989984
genesis 5_armada VS leffen/images/frame_52.jpg,102,0,536,360,Dreamland,0.99865794
genesis 5_armada VS leffen/images/frame_549.jpg,101,0,536,360,Battlefield,0.9984565
genesis 5_armada VS leffen/images/frame_300.jpg,102,0,536,360,Final Destination,0.9980514
genesis 5_armada VS leffen/images/frame_622.jpg,101,0,536,360,Battlefield,0.9987526
genesis 5_armada VS leffen/images/frame_502.jpg,101,0,536,360,Dreamland,0.68844235
genesis 5_armada VS leffen/images/frame_307.jpg,103,0,537,359,Final Destination,0.998608
genesis 5_armada VS leffen/images/frame_136.jpg,102,0,536,359,Dreamland,0.99843764
genesis 5_armada VS leffen/images/frame_94.jpg,102,0,536,360,Dreamland,0.9990566
genesis 5_armada VS leffen/images/frame_327.jpg,101,0,535,360,Final Destination,0.98843676
genesis 5_armada VS leffen/images/frame_462.jpg,102,0,536,359,Battlefield,0.9964218
genesis 5_armada VS leffen/images/frame_688.jpg,102,0,536,360,Battlefield,0.98337924
genesis 5_armada VS leffen/images/frame_137.jpg,101,0,535,360,Dreamland,0.99928164
genesis 5_armada VS leffen/images/frame_324.jpg,101,0,537,360,Final Destination,0.9969571
genesis 5_armada VS leffen/images/frame_84.jpg,102,0,536,359,Dreamland,0.99917674
genesis 5_armada VS leffen/images/frame_541.jpg,102,0,535,360,Battlefield,0.99751246
genesis 5_armada VS leffen/images/frame_97.jpg,101,0,537,360,Dreamland,0.99907935
genesis 5_armada VS leffen/images/frame_254.jpg,102,0,536,360,Final Destination,0.99662775
genesis 5_armada VS leffen/images/frame_159.jpg,104,0,537,359,Dreamland,0.99938124
genesis 5_armada VS leffen/images/frame_104.jpg,102,0,536,360,Dreamland,0.9994083
genesis 5_armada VS leffen/images/frame_653.jpg,101,0,535,360,Battlefield,0.9957088
genesis 5_armada VS leffen/images/frame_523.jpg,102,0,536,360,Battlefield,0.9971545
genesis 5_armada VS leffen/images/frame_321.jpg,102,0,537,359,Final Destination,0.99589443
genesis 5_armada VS leffen/images/frame_18.jpg,101,0,535,360,Dreamland,0.9993123
genesis 5_armada VS leffen/images/frame_685.jpg,101,0,536,360,Battlefield,0.99788344
genesis 5_armada VS leffen/images/frame_399.jpg,101,0,536,360,Battlefield,0.9977597
genesis 5_armada VS leffen/images/frame_260.jpg,102,0,535,360,Final Destination,0.9938253
genesis 5_armada VS leffen/images/frame_497.jpg,102,0,536,360,Battlefield,0.99485636
genesis 5_armada VS leffen/images/frame_449.jpg,102,0,536,359,Battlefield,0.99609876
genesis 5_armada VS leffen/images/frame_545.jpg,102,0,535,360,Battlefield,0.99688107
genesis 5_armada VS leffen/images/frame_20.jpg,102,1,537,360,Dreamland,0.9986087
genesis 5_armada VS leffen/images/frame_522.jpg,102,0,536,359,Battlefield,0.99864054
genesis 5_armada VS leffen/images/frame_481.jpg,102,0,536,360,Battlefield,0.99690306
genesis 5_armada VS leffen/images/frame_96.jpg,102,0,537,359,Dreamland,0.9986558
genesis 5_armada VS leffen/images/frame_641.jpg,101,0,535,360,Battlefield,0.997155
genesis 5_armada VS leffen/images/frame_342.jpg,103,0,537,359,Final Destination,0.9970083
genesis 5_armada VS leffen/images/frame_64.jpg,101,0,536,360,Dreamland,0.9990419
genesis 5_armada VS leffen/images/frame_252.jpg,101,1,536,359,Final Destination,0.9991354
genesis 5_armada VS leffen/images/frame_141.jpg,102,0,536,359,Dreamland,0.9965234
genesis 5_armada VS leffen/images/frame_83.jpg,102,0,536,360,Dreamland,0.99901915
genesis 5_armada VS leffen/images/frame_78.jpg,102,0,535,360,Dreamland,0.998639
genesis 5_armada VS leffen/images/frame_236.jpg,102,0,536,360,Final Destination,0.9975673
genesis 5_armada VS leffen/images/frame_529.jpg,102,0,536,359,Battlefield,0.99391145
genesis 5_armada VS leffen/images/frame_224.jpg,102,0,536,360,Final Destination,0.9946969
genesis 5_armada VS leffen/images/frame_668.jpg,102,0,536,360,Battlefield,0.9983848
genesis 5_armada VS leffen/images/frame_438.jpg,102,0,537,359,Battlefield,0.9928548
genesis 5_armada VS leffen/images/frame_304.jpg,102,0,536,360,Final Destination,0.9984808
genesis 5_armada VS leffen/images/frame_14.jpg,103,0,537,360,Dreamland,0.99929404
genesis 5_armada VS leffen/images/frame_341.jpg,102,0,536,360,Final Destination,0.9963979
genesis 5_armada VS leffen/images/frame_280.jpg,101,0,536,360,Final Destination,0.9977021
genesis 5_armada VS leffen/images/frame_390.jpg,102,0,536,360,Battlefield,0.9986812
genesis 5_armada VS leffen/images/frame_267.jpg,102,0,536,360,Final Destination,0.9986036
genesis 5_armada VS leffen/images/frame_276.jpg,101,0,537,360,Final Destination,0.9988743
genesis 5_armada VS leffen/images/frame_447.jpg,102,0,536,360,Battlefield,0.99740964
genesis 5_armada VS leffen/images/frame_113.jpg,102,0,537,359,Dreamland,0.9993043
genesis 5_armada VS leffen/images/frame_151.jpg,102,0,536,360,Dreamland,0.9990071
genesis 5_armada VS leffen/images/frame_215.jpg,101,0,536,360,Final Destination,0.99927455
genesis 5_armada VS leffen/images/frame_125.jpg,101,0,535,360,Dreamland,0.999403
genesis 5_armada VS leffen/images/frame_69.jpg,102,0,536,360,Dreamland,0.99894166
genesis 5_armada VS leffen/images/frame_445.jpg,101,0,536,360,Battlefield,0.9988904
genesis 5_armada VS leffen/images/frame_17.jpg,103,0,537,359,Dreamland,0.99931145
genesis 5_armada VS leffen/images/frame_292.jpg,102,0,536,360,Final Destination,0.998845
genesis 5_armada VS leffen/images/frame_328.jpg,102,0,536,360,Final Destination,0.9877777
genesis 5_armada VS leffen/images/frame_143.jpg,101,0,536,359,Dreamland,0.99961114
genesis 5_armada VS leffen/images/frame_660.jpg,102,0,537,359,Battlefield,0.99573433
genesis 5_armada VS leffen/images/frame_650.jpg,102,0,536,360,Battlefield,0.9984991
genesis 5_armada VS leffen/images/frame_268.jpg,102,0,536,360,Final Destination,0.9971285
genesis 5_armada VS leffen/images/frame_453.jpg,102,0,536,359,Battlefield,0.99594975
genesis 5_armada VS leffen/images/frame_458.jpg,102,0,537,360,Battlefield,0.99609137
genesis 5_armada VS leffen/images/frame_211.jpg,102,1,536,360,Final Destination,0.9984775
genesis 5_armada VS leffen/images/frame_163.jpg,102,0,536,360,Dreamland,0.9992788
genesis 5_armada VS leffen/images/frame_318.jpg,102,0,536,359,Final Destination,0.99391854
genesis 5_armada VS leffen/images/frame_121.jpg,102,0,537,359,Dreamland,0.99926686
genesis 5_armada VS leffen/images/frame_308.jpg,101,0,536,360,Final Destination,0.9968896
genesis 5_armada VS leffen/images/frame_271.jpg,101,1,536,360,Final Destination,0.9989146
genesis 5_armada VS leffen/images/frame_678.jpg,102,0,536,360,Battlefield,0.9984719
genesis 5_armada VS leffen/images/frame_431.jpg,102,0,536,360,Battlefield,0.9963851
genesis 5_armada VS leffen/images/frame_287.jpg,102,0,537,360,Final Destination,0.9981778
genesis 5_armada VS leffen/images/frame_50.jpg,102,0,536,359,Dreamland,0.9993371
genesis 5_armada VS leffen/images/frame_34.jpg,102,0,536,360,Dreamland,0.99949634
genesis 5_armada VS leffen/images/frame_567.jpg,102,0,537,360,Battlefield,0.9931503
genesis 5_armada VS leffen/images/frame_414.jpg,102,0,536,360,Battlefield,0.99637777
genesis 5_armada VS leffen/images/frame_243.jpg,101,0,535,360,Final Destination,0.9963617
genesis 5_armada VS leffen/images/frame_19.jpg,102,0,537,360,Dreamland,0.99939597
genesis 5_armada VS leffen/images/frame_16.jpg,102,0,536,360,Dreamland,0.99889743
genesis 5_armada VS leffen/images/frame_508.jpg,102,0,537,360,Battlefield,0.99729854
genesis 5_armada VS leffen/images/frame_536.jpg,103,0,536,360,Battlefield,0.9973577
genesis 5_armada VS leffen/images/frame_76.jpg,102,0,536,360,Dreamland,0.9986667
genesis 5_armada VS leffen/images/frame_611.jpg,102,0,536,359,Battlefield,0.99882805
genesis 5_armada VS leffen/images/frame_528.jpg,101,0,536,359,Battlefield,0.99789196
genesis 5_armada VS leffen/images/frame_285.jpg,101,0,536,360,Final Destination,0.99817
genesis 5_armada VS leffen/images/frame_347.jpg,101,0,535,360,Final Destination,0.99816394
genesis 5_armada VS leffen/images/frame_433.jpg,102,0,536,360,Battlefield,0.9979691
genesis 5_armada VS leffen/images/frame_537.jpg,102,0,536,360,Battlefield,0.9962361
genesis 5_armada VS leffen/images/frame_498.jpg,102,0,536,360,Battlefield,0.99239755
genesis 5_armada VS leffen/images/frame_177.jpg,101,0,536,360,Dreamland,0.9974327
genesis 5_armada VS leffen/images/frame_301.jpg,102,0,536,359,Final Destination,0.9982284
genesis 5_armada VS leffen/images/frame_485.jpg,102,0,536,359,Battlefield,0.9934884
genesis 5_armada VS leffen/images/frame_662.jpg,102,0,536,360,Battlefield,0.9974729
genesis 5_armada VS leffen/images/frame_420.jpg,100,0,535,360,Battlefield,0.9985373
genesis 5_armada VS leffen/images/frame_166.jpg,102,0,537,359,Dreamland,0.998664
genesis 5_armada VS leffen/images/frame_274.jpg,101,1,536,360,Final Destination,0.9989897
genesis 5_armada VS leffen/images/frame_484.jpg,102,1,537,359,Battlefield,0.9993206
genesis 5_armada VS leffen/images/frame_180.jpg,102,0,536,359,Dreamland,0.9989855
genesis 5_armada VS leffen/images/frame_473.jpg,102,0,536,360,Battlefield,0.9975586
genesis 5_armada VS leffen/images/frame_616.jpg,102,0,536,360,Battlefield,0.9990239
genesis 5_armada VS leffen/images/frame_596.jpg,102,0,536,360,Battlefield,0.9984113
genesis 5_armada VS leffen/images/frame_424.jpg,102,0,536,360,Battlefield,0.99777615
genesis 5_armada VS leffen/images/frame_352.jpg,102,1,537,359,Final Destination,0.9992294
genesis 5_armada VS leffen/images/frame_524.jpg,101,0,536,359,Battlefield,0.9963095
genesis 5_armada VS leffen/images/frame_507.jpg,102,0,536,360,Battlefield,0.99718404
genesis 5_armada VS leffen/images/frame_385.jpg,101,0,536,360,Battlefield,0.99768955
genesis 5_armada VS leffen/images/frame_621.jpg,102,0,536,359,Battlefield,0.9981828
genesis 5_armada VS leffen/images/frame_68.jpg,102,0,535,360,Dreamland,0.99891967
genesis 5_armada VS leffen/images/frame_62.jpg,103,0,537,359,Dreamland,0.9995707
genesis 5_armada VS leffen/images/frame_464.jpg,102,0,537,359,Battlefield,0.9969128
genesis 5_armada VS leffen/images/frame_667.jpg,101,0,537,359,Battlefield,0.9971909
genesis 5_armada VS leffen/images/frame_330.jpg,101,0,536,360,Final Destination,0.99770063
genesis 5_armada VS leffen/images/frame_360.jpg,102,0,536,360,Final Destination,0.9919871
genesis 5_armada VS leffen/images/frame_303.jpg,102,1,537,359,Final Destination,0.99793243
genesis 5_armada VS leffen/images/frame_262.jpg,102,0,535,360,Final Destination,0.99814
genesis 5_armada VS leffen/images/frame_109.jpg,102,0,537,360,Dreamland,0.99955046
genesis 5_armada VS leffen/images/frame_415.jpg,101,0,536,360,Battlefield,0.9963124
genesis 5_armada VS leffen/images/frame_86.jpg,103,0,538,359,Dreamland,0.99897933
genesis 5_armada VS leffen/images/frame_531.jpg,102,0,536,360,Battlefield,0.99861354
genesis 5_armada VS leffen/images/frame_95.jpg,102,0,537,360,Dreamland,0.9990145
genesis 5_armada VS leffen/images/frame_686.jpg,102,1,536,360,Battlefield,0.9985342
genesis 5_armada VS leffen/images/frame_160.jpg,102,0,537,360,Dreamland,0.9995444
genesis 5_armada VS leffen/images/frame_439.jpg,102,0,536,359,Battlefield,0.9967061
genesis 5_armada VS leffen/images/frame_630.jpg,104,0,537,360,Battlefield,0.98951626
genesis 5_armada VS leffen/images/frame_504.jpg,101,0,536,360,Battlefield,0.9985458
genesis 5_armada VS leffen/images/frame_316.jpg,101,0,535,360,Final Destination,0.99391437
genesis 5_armada VS leffen/images/frame_554.jpg,102,0,537,359,Battlefield,0.996568
genesis 5_armada VS leffen/images/frame_482.jpg,101,1,536,360,Battlefield,0.998702
genesis 5_armada VS leffen/images/frame_530.jpg,102,0,536,360,Battlefield,0.99110883
genesis 5_armada VS leffen/images/frame_246.jpg,101,0,536,360,Final Destination,0.9980593
genesis 5_armada VS leffen/images/frame_265.jpg,101,0,536,359,Final Destination,0.9961394
genesis 5_armada VS leffen/images/frame_210.jpg,102,0,536,360,Final Destination,0.9981447
genesis 5_armada VS leffen/images/frame_124.jpg,103,1,537,360,Dreamland,0.9992205
genesis 5_armada VS leffen/images/frame_201.jpg,102,0,536,360,Final Destination,0.9991065
genesis 5_armada VS leffen/images/frame_53.jpg,102,0,537,359,Dreamland,0.9982611
genesis 5_armada VS leffen/images/frame_606.jpg,102,1,536,360,Battlefield,0.99853194
genesis 5_armada VS leffen/images/frame_661.jpg,102,0,536,360,Battlefield,0.9978049
genesis 5_armada VS leffen/images/frame_345.jpg,102,0,537,360,Final Destination,0.99711597
genesis 5_armada VS leffen/images/frame_27.jpg,102,0,536,360,Dreamland,0.9992238
genesis 5_armada VS leffen/images/frame_278.jpg,101,0,536,359,Final Destination,0.99788535
genesis 5_armada VS leffen/images/frame_521.jpg,102,0,536,359,Battlefield,0.998486
genesis 5_armada VS leffen/images/frame_474.jpg,101,0,536,360,Battlefield,0.99793243
genesis 5_armada VS leffen/images/frame_263.jpg,100,0,535,360,Final Destination,0.9950634
genesis 5_armada VS leffen/images/frame_157.jpg,101,0,536,358,Dreamland,0.99905634
genesis 5_armada VS leffen/images/frame_221.jpg,101,1,535,360,Final Destination,0.99555266
genesis 5_armada VS leffen/images/frame_55.jpg,101,0,536,360,Dreamland,0.9995241
genesis 5_armada VS leffen/images/frame_138.jpg,101,0,537,359,Dreamland,0.9989215
genesis 5_armada VS leffen/images/frame_455.jpg,102,0,537,359,Battlefield,0.9952391
genesis 5_armada VS leffen/images/frame_29.jpg,101,0,536,359,Dreamland,0.9990386
genesis 5_armada VS leffen/images/frame_173.jpg,101,0,536,360,Dreamland,0.99854183
genesis 5_armada VS leffen/images/frame_73.jpg,102,0,536,359,Dreamland,0.9993285
genesis 5_armada VS leffen/images/frame_628.jpg,102,0,536,360,Battlefield,0.9983861
genesis 5_armada VS leffen/images/frame_220.jpg,101,0,535,360,Final Destination,0.99272466
genesis 5_armada VS leffen/images/frame_118.jpg,102,0,537,359,Dreamland,0.99913526
genesis 5_armada VS leffen/images/frame_319.jpg,102,0,536,359,Final Destination,0.9958056
genesis 5_armada VS leffen/images/frame_556.jpg,102,0,536,360,Battlefield,0.99724716
genesis 5_armada VS leffen/images/frame_99.jpg,103,0,537,359,Dreamland,0.99936086
genesis 5_armada VS leffen/images/frame_288.jpg,102,1,536,360,Final Destination,0.9989643
genesis 5_armada VS leffen/images/frame_349.jpg,102,0,535,359,Final Destination,0.9968054
genesis 5_armada VS leffen/images/frame_401.jpg,102,0,536,360,Battlefield,0.9991497
genesis 5_armada VS leffen/images/frame_607.jpg,102,0,536,360,Battlefield,0.9957241
genesis 5_armada VS leffen/images/frame_435.jpg,102,0,536,360,Battlefield,0.992161
genesis 5_armada VS leffen/images/frame_212.jpg,101,1,536,360,Final Destination,0.9986989
genesis 5_armada VS leffen/images/frame_538.jpg,102,0,536,360,Battlefield,0.9980885
genesis 5_armada VS leffen/images/frame_61.jpg,102,0,536,359,Dreamland,0.9977512
genesis 5_armada VS leffen/images/frame_244.jpg,101,0,536,360,Final Destination,0.9985913
genesis 5_armada VS leffen/images/frame_450.jpg,102,0,536,360,Battlefield,0.997511
genesis 5_armada VS leffen/images/frame_451.jpg,103,0,536,360,Battlefield,0.99850345
genesis 5_armada VS leffen/images/frame_80.jpg,103,0,536,360,Dreamland,0.99842715
genesis 5_armada VS leffen/images/frame_411.jpg,101,0,536,359,Battlefield,0.99762875
genesis 5_armada VS leffen/images/frame_666.jpg,101,0,536,360,Battlefield,0.9971344
genesis 5_armada VS leffen/images/frame_463.jpg,101,0,536,360,Battlefield,0.99645156
genesis 5_armada VS leffen/images/frame_122.jpg,103,0,537,360,Dreamland,0.99934745
genesis 5_armada VS leffen/images/frame_471.jpg,102,1,536,360,Battlefield,0.99729496
genesis 5_armada VS leffen/images/frame_640.jpg,101,0,535,360,Battlefield,0.99900246
genesis 5_armada VS leffen/images/frame_475.jpg,102,0,536,360,Battlefield,0.9975025
genesis 5_armada VS leffen/images/frame_512.jpg,102,0,535,360,Battlefield,0.99838376
genesis 5_armada VS leffen/images/frame_604.jpg,101,0,535,360,Battlefield,0.5302828
genesis 5_armada VS leffen/images/frame_397.jpg,101,0,536,360,Battlefield,0.99862695
genesis 5_armada VS leffen/images/frame_354.jpg,102,0,537,359,Final Destination,0.9994013
genesis 5_armada VS leffen/images/frame_38.jpg,102,1,537,360,Dreamland,0.9996472
genesis 5_armada VS leffen/images/frame_90.jpg,102,0,535,360,Dreamland,0.9988947
genesis 5_armada VS leffen/images/frame_586.jpg,101,0,535,360,Battlefield,0.9766162
genesis 5_armada VS leffen/images/frame_555.jpg,102,0,535,360,Battlefield,0.9945054
genesis 5_armada VS leffen/images/frame_162.jpg,102,0,536,359,Dreamland,0.99945116
genesis 5_armada VS leffen/images/frame_228.jpg,102,0,537,359,Final Destination,0.99867016
genesis 5_armada VS leffen/images/frame_417.jpg,102,0,536,360,Battlefield,0.9909113
genesis 5_armada VS leffen/images/frame_624.jpg,102,0,536,360,Battlefield,0.9973316
genesis 5_armada VS leffen/images/frame_294.jpg,103,0,537,360,Final Destination,0.998811
genesis 5_armada VS leffen/images/frame_39.jpg,103,0,536,360,Dreamland,0.99940276
genesis 5_armada VS leffen/images/frame_591.jpg,102,0,536,360,Battlefield,0.99872863
genesis 5_armada VS leffen/images/frame_152.jpg,102,0,537,359,Dreamland,0.99925977
genesis 5_armada VS leffen/images/frame_472.jpg,102,0,536,360,Battlefield,0.98804355
genesis 5_armada VS leffen/images/frame_247.jpg,101,0,536,360,Final Destination,0.9990295
genesis 5_armada VS leffen/images/frame_402.jpg,101,0,537,360,Battlefield,0.9983439
genesis 5_armada VS leffen/images/frame_219.jpg,101,0,535,360,Final Destination,0.993429
genesis 5_armada VS leffen/images/frame_601.jpg,101,0,536,360,Battlefield,0.9977681
genesis 5_armada VS leffen/images/frame_612.jpg,101,0,535,360,Battlefield,0.99824905
genesis 5_armada VS leffen/images/frame_241.jpg,102,0,536,359,Final Destination,0.99721444
genesis 5_armada VS leffen/images/frame_323.jpg,101,1,536,359,Final Destination,0.9972717
genesis 5_armada VS leffen/images/frame_331.jpg,102,0,537,359,Final Destination,0.99649644
genesis 5_armada VS leffen/images/frame_174.jpg,102,0,536,358,Dreamland,0.9988366
genesis 5_armada VS leffen/images/frame_587.jpg,102,0,536,359,Battlefield,0.99756867
genesis 5_armada VS leffen/images/frame_392.jpg,102,1,536,360,Battlefield,0.9987855
genesis 5_armada VS leffen/images/frame_207.jpg,102,0,536,360,Final Destination,0.997916
genesis 5_armada VS leffen/images/frame_217.jpg,102,0,536,360,Final Destination,0.9986422
genesis 5_armada VS leffen/images/frame_437.jpg,100,0,536,360,Battlefield,0.99902284
genesis 5_armada VS leffen/images/frame_56.jpg,102,0,537,359,Dreamland,0.9986918
genesis 5_armada VS leffen/images/frame_75.jpg,103,0,537,359,Dreamland,0.9991472
genesis 5_armada VS leffen/images/frame_48.jpg,103,0,537,359,Dreamland,0.9994173
genesis 5_armada VS leffen/images/frame_665.jpg,101,0,536,359,Battlefield,0.99325883
genesis 5_armada VS leffen/images/frame_150.jpg,101,0,538,359,Dreamland,0.99913037
genesis 5_armada VS leffen/images/frame_218.jpg,102,0,537,359,Final Destination,0.9987037
genesis 5_armada VS leffen/images/frame_459.jpg,102,0,536,360,Battlefield,0.9958923
genesis 5_armada VS leffen/images/frame_477.jpg,102,0,536,359,Battlefield,0.9973375
genesis 5_armada VS leffen/images/frame_615.jpg,102,0,536,359,Battlefield,0.9988866
genesis 5_armada VS leffen/images/frame_600.jpg,102,0,536,360,Battlefield,0.99883664
genesis 5_armada VS leffen/images/frame_480.jpg,102,0,536,359,Battlefield,0.99908614
genesis 5_armada VS leffen/images/frame_483.jpg,102,0,536,359,Battlefield,0.99708974
genesis 5_armada VS leffen/images/frame_92.jpg,102,0,536,360,Dreamland,0.999158
genesis 5_armada VS leffen/images/frame_88.jpg,102,0,536,359,Dreamland,0.9986856
genesis 5_armada VS leffen/images/frame_500.jpg,102,0,535,360,Battlefield,0.9837138
genesis 5_armada VS leffen/images/frame_302.jpg,101,1,536,360,Final Destination,0.99867463
genesis 5_armada VS leffen/images/frame_154.jpg,102,0,536,360,Dreamland,0.9995241
genesis 5_armada VS leffen/images/frame_175.jpg,102,0,536,360,Dreamland,0.9991247
genesis 5_armada VS leffen/images/frame_45.jpg,102,0,536,360,Dreamland,0.9983556
genesis 5_armada VS leffen/images/frame_255.jpg,102,0,536,359,Final Destination,0.99721444
genesis 5_armada VS leffen/images/frame_311.jpg,102,0,536,359,Final Destination,0.9971163
genesis 5_armada VS leffen/images/frame_609.jpg,102,0,535,360,Battlefield,0.99745524
genesis 5_armada VS leffen/images/frame_35.jpg,102,0,537,359,Dreamland,0.99935067
genesis 5_armada VS leffen/images/frame_181.jpg,103,0,537,359,Dreamland,0.996423
genesis 5_armada VS leffen/images/frame_493.jpg,102,0,537,359,Battlefield,0.9983783
genesis 5_armada VS leffen/images/frame_638.jpg,101,0,535,359,Battlefield,0.98406684
genesis 5_armada VS leffen/images/frame_149.jpg,102,0,537,360,Dreamland,0.9988444
genesis 5_armada VS leffen/images/frame_513.jpg,102,0,536,359,Battlefield,0.99886864
genesis 5_armada VS leffen/images/frame_664.jpg,102,0,536,360,Battlefield,0.9986516
genesis 5_armada VS leffen/images/frame_674.jpg,102,0,537,359,Battlefield,0.99642026
genesis 5_armada VS leffen/images/frame_258.jpg,101,0,537,360,Final Destination,0.99520725
genesis 5_armada VS leffen/images/frame_299.jpg,101,0,536,359,Final Destination,0.99886465
genesis 5_armada VS leffen/images/frame_427.jpg,102,0,537,360,Battlefield,0.998694
genesis 5_armada VS leffen/images/frame_114.jpg,102,0,537,359,Dreamland,0.99907494
genesis 5_armada VS leffen/images/frame_461.jpg,102,0,536,360,Battlefield,0.99423623
genesis 5_armada VS leffen/images/frame_293.jpg,102,0,535,360,Final Destination,0.9888693
genesis 5_armada VS leffen/images/frame_66.jpg,103,0,537,360,Dreamland,0.9993279
genesis 5_armada VS leffen/images/frame_59.jpg,101,0,535,359,Dreamland,0.9961878
genesis 5_armada VS leffen/images/frame_673.jpg,102,0,536,360,Battlefield,0.992355
genesis 5_armada VS leffen/images/frame_134.jpg,102,1,536,359,Dreamland,0.9984716
genesis 5_armada VS leffen/images/frame_209.jpg,102,0,536,360,Final Destination,0.99630046
genesis 5_armada VS leffen/images/frame_478.jpg,102,0,536,360,Battlefield,0.9980538
genesis 5_armada VS leffen/images/frame_631.jpg,101,0,536,360,Battlefield,0.99819094
genesis 5_armada VS leffen/images/frame_527.jpg,102,0,536,360,Battlefield,0.9982966
genesis 5_armada VS leffen/images/frame_13.jpg,102,0,537,360,Dreamland,0.9985585
genesis 5_armada VS leffen/images/frame_350.jpg,102,0,536,359,Final Destination,0.9990189
genesis 5_armada VS leffen/images/frame_436.jpg,101,0,537,360,Battlefield,0.9977725
genesis 5_armada VS leffen/images/frame_312.jpg,101,0,535,360,Final Destination,0.9980196
genesis 5_armada VS leffen/images/frame_389.jpg,102,0,536,360,Battlefield,0.9979332
genesis 5_armada VS leffen/images/frame_425.jpg,102,0,536,360,Battlefield,0.9979943
genesis 5_armada VS leffen/images/frame_41.jpg,102,0,536,360,Dreamland,0.99788463
genesis 5_armada VS leffen/images/frame_77.jpg,102,0,536,360,Dreamland,0.9986289
genesis 5_armada VS leffen/images/frame_608.jpg,101,0,536,360,Battlefield,0.9988139
genesis 5_armada VS leffen/images/frame_676.jpg,102,0,535,360,Battlefield,0.9988157
genesis 5_armada VS leffen/images/frame_550.jpg,101,1,536,360,Battlefield,0.9984008
genesis 5_armada VS leffen/images/frame_57.jpg,102,1,537,359,Dreamland,0.9987509
genesis 5_armada VS leffen/images/frame_442.jpg,102,0,536,359,Battlefield,0.9960686
genesis 5_armada VS leffen/images/frame_543.jpg,102,0,536,360,Battlefield,0.9984107
genesis 5_armada VS leffen/images/frame_645.jpg,102,0,536,360,Battlefield,0.99690306
genesis 5_armada VS leffen/images/frame_654.jpg,102,0,536,359,Battlefield,0.9986024
genesis 5_armada VS leffen/images/frame_36.jpg,102,0,536,360,Dreamland,0.9981413
genesis 5_armada VS leffen/images/frame_441.jpg,101,0,535,360,Battlefield,0.997895
genesis 5_armada VS leffen/images/frame_511.jpg,102,0,536,360,Battlefield,0.9988313
genesis 5_armada VS leffen/images/frame_310.jpg,102,0,539,360,Final Destination,0.99677706
genesis 5_armada VS leffen/images/frame_47.jpg,103,0,536,359,Dreamland,0.9995578
genesis 5_armada VS leffen/images/frame_642.jpg,102,0,536,360,Battlefield,0.995952
genesis 5_armada VS leffen/images/frame_290.jpg,102,0,536,360,Final Destination,0.9988952
genesis 5_armada VS leffen/images/frame_520.jpg,102,0,536,360,Battlefield,0.99712443
genesis 5_armada VS leffen/images/frame_100.jpg,103,0,537,359,Dreamland,0.99925375
genesis 5_armada VS leffen/images/frame_333.jpg,101,0,537,359,Final Destination,0.9967573
genesis 5_armada VS leffen/images/frame_343.jpg,101,0,536,359,Final Destination,0.9975213
genesis 5_armada VS leffen/images/frame_283.jpg,102,0,536,360,Final Destination,0.9953266
genesis 5_armada VS leffen/images/frame_659.jpg,101,0,536,360,Battlefield,0.99639285
genesis 5_armada VS leffen/images/frame_356.jpg,102,0,536,359,Final Destination,0.9986849
genesis 5_armada VS leffen/images/frame_553.jpg,102,0,535,360,Battlefield,0.99766344
genesis 5_armada VS leffen/images/frame_568.jpg,102,0,535,360,Battlefield,0.9916773
genesis 5_armada VS leffen/images/frame_679.jpg,102,0,536,360,Battlefield,0.99854183
genesis 5_armada VS leffen/images/frame_119.jpg,102,0,536,359,Dreamland,0.99925613
genesis 5_armada VS leffen/images/frame_49.jpg,102,0,536,360,Dreamland,0.9994185
genesis 5_armada VS leffen/images/frame_496.jpg,101,0,536,360,Battlefield,0.99775237
genesis 5_armada VS leffen/images/frame_635.jpg,102,0,536,360,Battlefield,0.99718785
genesis 5_armada VS leffen/images/frame_200.jpg,102,0,537,360,Final Destination,0.99460447
genesis 5_armada VS leffen/images/frame_603.jpg,102,0,536,360,Battlefield,0.9957851
genesis 5_armada VS leffen/images/frame_618.jpg,102,0,536,359,Battlefield,0.9933002
genesis 5_armada VS leffen/images/frame_594.jpg,102,0,536,360,Battlefield,0.99755764
genesis 5_armada VS leffen/images/frame_540.jpg,102,0,536,360,Battlefield,0.9985771
genesis 5_armada VS leffen/images/frame_566.jpg,102,0,536,360,Battlefield,0.99675816
genesis 5_armada VS leffen/images/frame_656.jpg,102,0,536,359,Battlefield,0.9984894
genesis 5_armada VS leffen/images/frame_546.jpg,102,0,536,360,Battlefield,0.9981019
genesis 5_armada VS leffen/images/frame_272.jpg,101,0,535,360,Final Destination,0.9989924
genesis 5_armada VS leffen/images/frame_129.jpg,102,0,535,359,Dreamland,0.99881434
genesis 5_armada VS leffen/images/frame_178.jpg,102,0,536,359,Dreamland,0.9991802
genesis 5_armada VS leffen/images/frame_103.jpg,101,0,535,359,Dreamland,0.99905246
genesis 5_armada VS leffen/images/frame_407.jpg,102,1,536,360,Battlefield,0.998929
genesis 5_armada VS leffen/images/frame_351.jpg,103,0,537,360,Final Destination,0.99837935
genesis 5_armada VS leffen/images/frame_253.jpg,101,0,535,359,Final Destination,0.9959037
genesis 5_armada VS leffen/images/frame_140.jpg,102,0,536,360,Dreamland,0.9993276
genesis 5_armada VS leffen/images/frame_89.jpg,102,0,536,360,Dreamland,0.99933815
genesis 5_armada VS leffen/images/frame_237.jpg,102,0,536,360,Final Destination,0.99636376
genesis 5_armada VS leffen/images/frame_588.jpg,101,0,537,360,Battlefield,0.99010974
genesis 5_armada VS leffen/images/frame_557.jpg,102,0,536,360,Battlefield,0.9964324
genesis 5_armada VS leffen/images/frame_412.jpg,102,0,536,360,Battlefield,0.99780065
genesis 5_armada VS leffen/images/frame_298.jpg,101,0,536,360,Final Destination,0.99792075
genesis 5_armada VS leffen/images/frame_393.jpg,102,0,536,360,Battlefield,0.9972395
genesis 5_armada VS leffen/images/frame_306.jpg,101,0,536,360,Final Destination,0.9981926
genesis 5_armada VS leffen/images/frame_127.jpg,102,0,537,360,Dreamland,0.9984242
genesis 5_armada VS leffen/images/frame_626.jpg,101,0,536,359,Battlefield,0.9976442
genesis 5_armada VS leffen/images/frame_245.jpg,101,0,535,360,Final Destination,0.99618965
genesis 5_armada VS leffen/images/frame_338.jpg,102,0,536,360,Final Destination,0.9977639
genesis 5_armada VS leffen/images/frame_506.jpg,103,0,536,360,Battlefield,0.99524117
genesis 5_armada VS leffen/images/frame_286.jpg,101,1,536,360,Final Destination,0.99918973
genesis 5_armada VS leffen/images/frame_325.jpg,101,1,535,360,Final Destination,0.99779546
genesis 5_armada VS leffen/images/frame_222.jpg,102,0,536,360,Final Destination,0.99516237
genesis 5_armada VS leffen/images/frame_346.jpg,101,0,536,360,Final Destination,0.996987
genesis 5_armada VS leffen/images/frame_227.jpg,102,0,537,359,Final Destination,0.99810755
genesis 5_armada VS leffen/images/frame_387.jpg,101,0,536,359,Battlefield,0.9987855
genesis 5_armada VS leffen/images/frame_501.jpg,101,0,536,360,Battlefield,0.99416137
genesis 5_armada VS leffen/images/frame_214.jpg,102,0,536,360,Final Destination,0.9987258
genesis 5_armada VS leffen/images/frame_176.jpg,102,0,536,359,Dreamland,0.99841404
genesis 5_armada VS leffen/images/frame_167.jpg,102,0,537,360,Dreamland,0.99726975
genesis 5_armada VS leffen/images/frame_63.jpg,102,0,536,360,Dreamland,0.9987931
genesis 5_armada VS leffen/images/frame_225.jpg,101,0,536,360,Final Destination,0.9971324
genesis 5_armada VS leffen/images/frame_106.jpg,102,1,537,360,Dreamland,0.99939775
genesis 5_armada VS leffen/images/frame_297.jpg,102,0,537,360,Final Destination,0.9982048
genesis 5_armada VS leffen/images/frame_648.jpg,102,0,536,359,Battlefield,0.99805033
genesis 5_armada VS leffen/images/frame_334.jpg,101,0,535,360,Final Destination,0.9941097
genesis 5_armada VS leffen/images/frame_682.jpg,102,0,535,360,Battlefield,0.99663603
genesis 5_armada VS leffen/images/frame_309.jpg,102,0,538,360,Final Destination,0.99703014
genesis 5_armada VS leffen/images/frame_595.jpg,102,0,536,359,Battlefield,0.997435
genesis 5_armada VS leffen/images/frame_647.jpg,102,0,535,360,Battlefield,0.99858785
genesis 5_armada VS leffen/images/frame_434.jpg,101,0,535,360,Battlefield,0.99641323
genesis 5_armada VS leffen/images/frame_649.jpg,102,0,536,360,Battlefield,0.99807614
genesis 5_armada VS leffen/images/frame_444.jpg,102,0,536,360,Battlefield,0.9985392
genesis 5_armada VS leffen/images/frame_142.jpg,102,0,536,359,Dreamland,0.99936676
genesis 5_armada VS leffen/images/frame_429.jpg,102,0,536,359,Battlefield,0.9970674
genesis 5_armada VS leffen/images/frame_204.jpg,102,0,536,360,Final Destination,0.9963711
genesis 5_armada VS leffen/images/frame_145.jpg,102,0,536,360,Dreamland,0.9988228
genesis 5_armada VS leffen/images/frame_492.jpg,102,0,536,360,Battlefield,0.9989705
genesis 5_armada VS leffen/images/frame_30.jpg,101,0,537,360,Dreamland,0.99900675
genesis 5_armada VS leffen/images/frame_43.jpg,103,0,535,360,Dreamland,0.99893415
genesis 5_armada VS leffen/images/frame_82.jpg,102,0,535,360,Dreamland,0.998907
genesis 5_armada VS leffen/images/frame_681.jpg,102,0,536,360,Battlefield,0.99673235
genesis 5_armada VS leffen/images/frame_172.jpg,102,1,537,360,Dreamland,0.9975239
genesis 5_armada VS leffen/images/frame_457.jpg,102,0,535,360,Battlefield,0.9962063
genesis 5_armada VS leffen/images/frame_213.jpg,101,0,536,360,Final Destination,0.99766195
genesis 5_armada VS leffen/images/frame_335.jpg,101,0,535,360,Final Destination,0.9948267
genesis 5_armada VS leffen/images/frame_111.jpg,102,0,537,359,Dreamland,0.9991628
genesis 5_armada VS leffen/images/frame_81.jpg,102,0,537,359,Dreamland,0.9990134
genesis 5_armada VS leffen/images/frame_248.jpg,102,0,536,360,Final Destination,0.9950625
genesis 5_armada VS leffen/images/frame_465.jpg,102,0,537,359,Battlefield,0.9971723
genesis 5_armada VS leffen/images/frame_643.jpg,103,0,535,359,Battlefield,0.99706197
genesis 5_armada VS leffen/images/frame_26.jpg,102,0,535,359,Dreamland,0.9993812
genesis 5_armada VS leffen/images/frame_440.jpg,102,1,536,360,Battlefield,0.9986115
genesis 5_armada VS leffen/images/frame_558.jpg,102,0,536,360,Battlefield,0.9974652
genesis 5_armada VS leffen/images/frame_144.jpg,102,0,536,359,Dreamland,0.9986509
genesis 5_armada VS leffen/images/frame_322.jpg,101,0,536,360,Final Destination,0.9970553
genesis 5_armada VS leffen/images/frame_40.jpg,102,0,536,359,Dreamland,0.9985628
genesis 5_armada VS leffen/images/frame_590.jpg,101,0,536,360,Battlefield,0.99867225
genesis 5_armada VS leffen/images/frame_386.jpg,102,0,537,360,Battlefield,0.9986911
genesis 5_armada VS leffen/images/frame_25.jpg,102,0,536,360,Dreamland,0.9996152
genesis 5_armada VS leffen/images/frame_534.jpg,102,0,536,359,Battlefield,0.9971133
genesis 5_armada VS leffen/images/frame_510.jpg,101,0,535,360,Battlefield,0.99877274
genesis 5_armada VS leffen/images/frame_533.jpg,102,0,536,360,Battlefield,0.9951458
genesis 5_armada VS leffen/images/frame_599.jpg,102,0,535,360,Battlefield,0.99861145
genesis 5_armada VS leffen/images/frame_406.jpg,102,0,536,360,Battlefield,0.9941919
genesis 5_armada VS leffen/images/frame_400.jpg,102,0,536,360,Battlefield,0.9986987
genesis 5_armada VS leffen/images/frame_277.jpg,102,0,536,360,Final Destination,0.9984213
genesis 5_armada VS leffen/images/frame_687.jpg,102,0,536,359,Battlefield,0.90959203
genesis 5_armada VS leffen/images/frame_296.jpg,101,0,536,360,Final Destination,0.9969095
genesis 5_armada VS leffen/images/frame_405.jpg,102,0,536,360,Battlefield,0.99687207
genesis 5_armada VS leffen/images/frame_250.jpg,102,0,536,360,Final Destination,0.9973528
genesis 5_armada VS leffen/images/frame_514.jpg,102,0,536,360,Battlefield,0.9985565
genesis 5_armada VS leffen/images/frame_353.jpg,101,1,537,360,Final Destination,0.9990339
genesis 5_armada VS leffen/images/frame_383.jpg,101,0,534,360,Battlefield,0.96222144
genesis 5_armada VS leffen/images/frame_646.jpg,102,1,535,360,Battlefield,0.99774706
genesis 5_armada VS leffen/images/frame_456.jpg,101,0,537,359,Battlefield,0.992664
genesis 5_armada VS leffen/images/frame_614.jpg,102,0,536,360,Battlefield,0.99708796
genesis 5_armada VS leffen/images/frame_613.jpg,100,0,536,359,Battlefield,0.9969513
genesis 5_armada VS leffen/images/frame_120.jpg,101,1,536,360,Dreamland,0.9992019
genesis 5_armada VS leffen/images/frame_403.jpg,102,0,536,360,Battlefield,0.9981953
genesis 5_armada VS leffen/images/frame_105.jpg,102,1,536,360,Dreamland,0.99859047
genesis 5_armada VS leffen/images/frame_488.jpg,102,0,537,360,Battlefield,0.9971733
genesis 5_armada VS leffen/images/frame_418.jpg,101,0,536,360,Battlefield,0.9980043
genesis 5_armada VS leffen/images/frame_126.jpg,102,1,537,360,Dreamland,0.999245
genesis 5_armada VS leffen/images/frame_384.jpg,102,0,535,360,Battlefield,0.99762136
genesis 5_armada VS leffen/images/frame_617.jpg,102,1,537,360,Battlefield,0.9983356
genesis 5_armada VS leffen/images/frame_589.jpg,102,0,536,359,Battlefield,0.9977995
genesis 5_armada VS leffen/images/frame_33.jpg,102,0,536,359,Dreamland,0.99910855
genesis 5_armada VS leffen/images/frame_317.jpg,102,0,537,360,Final Destination,0.9976286
genesis 5_armada VS leffen/images/frame_598.jpg,103,0,536,359,Battlefield,0.9983511
genesis 5_armada VS leffen/images/frame_156.jpg,102,0,536,360,Dreamland,0.99934185
genesis 5_armada VS leffen/images/frame_423.jpg,102,0,537,359,Battlefield,0.99872017
genesis 5_armada VS leffen/images/frame_395.jpg,102,0,536,360,Battlefield,0.99710274
genesis 5_armada VS leffen/images/frame_651.jpg,102,0,536,360,Battlefield,0.99616563
genesis 5_armada VS leffen/images/frame_28.jpg,102,0,536,359,Dreamland,0.99948156
genesis 5_armada VS leffen/images/frame_359.jpg,103,0,536,360,Final Destination,0.9988178
genesis 5_armada VS leffen/images/frame_85.jpg,103,0,536,360,Dreamland,0.9994084
genesis 5_armada VS leffen/images/frame_170.jpg,102,0,536,360,Dreamland,0.9989693
genesis 5_armada VS leffen/images/frame_364.jpg,101,0,536,358,Final Destination,0.99460447
genesis 5_armada VS leffen/images/frame_15.jpg,102,0,536,360,Dreamland,0.999286
genesis 5_armada VS leffen/images/frame_65.jpg,102,0,537,359,Dreamland,0.99881065
genesis 5_armada VS leffen/images/frame_74.jpg,102,0,536,360,Dreamland,0.9976243
genesis 5_armada VS leffen/images/frame_314.jpg,102,0,536,360,Final Destination,0.99792683
genesis 5_armada VS leffen/images/frame_633.jpg,102,0,536,360,Battlefield,0.9983484
genesis 5_armada VS leffen/images/frame_535.jpg,102,0,536,359,Battlefield,0.9978316
genesis 5_armada VS leffen/images/frame_516.jpg,102,0,536,360,Battlefield,0.995726
genesis 5_armada VS leffen/images/frame_284.jpg,101,0,536,360,Final Destination,0.97372377
genesis 5_armada VS leffen/images/frame_592.jpg,101,0,535,360,Battlefield,0.99794316
genesis 5_armada VS leffen/images/frame_148.jpg,102,0,536,359,Dreamland,0.998311
genesis 5_armada VS leffen/images/frame_551.jpg,102,0,536,360,Battlefield,0.9981171
genesis 5_armada VS leffen/images/frame_332.jpg,102,0,537,359,Final Destination,0.9979902
genesis 5_armada VS leffen/images/frame_98.jpg,102,0,536,360,Dreamland,0.9970954
genesis 5_armada VS leffen/images/frame_509.jpg,101,0,535,360,Battlefield,0.997898
genesis 5_armada VS leffen/images/frame_315.jpg,101,0,535,360,Final Destination,0.9954295
genesis 5_armada VS leffen/images/frame_585.jpg,102,0,536,359,Battlefield,0.99396765
genesis 5_armada VS leffen/images/frame_256.jpg,100,0,535,360,Final Destination,0.9972993
genesis 5_armada VS leffen/images/frame_671.jpg,101,0,536,359,Battlefield,0.9960309
genesis 5_armada VS leffen/images/frame_339.jpg,101,0,536,360,Final Destination,0.99643666
genesis 5_armada VS leffen/images/frame_675.jpg,102,0,535,360,Battlefield,0.9990534
genesis 5_armada VS leffen/images/frame_164.jpg,103,0,537,360,Dreamland,0.99896884
genesis 5_armada VS leffen/images/frame_279.jpg,101,0,537,360,Final Destination,0.99838877
genesis 5_armada VS leffen/images/frame_428.jpg,102,0,536,359,Battlefield,0.9952041
genesis 5_armada VS leffen/images/frame_46.jpg,102,0,537,360,Dreamland,0.9992078
genesis 5_armada VS leffen/images/frame_491.jpg,102,0,536,360,Battlefield,0.99867314
genesis 5_armada VS leffen/images/frame_102.jpg,102,0,536,359,Dreamland,0.99914396
genesis 5_armada VS leffen/images/frame_139.jpg,101,0,536,359,Dreamland,0.99926686
genesis 5_armada VS leffen/images/frame_147.jpg,102,0,536,360,Dreamland,0.999033
genesis 5_armada VS leffen/images/frame_565.jpg,102,0,535,360,Battlefield,0.99863756
genesis 5_armada VS leffen/images/frame_623.jpg,102,0,536,359,Battlefield,0.9975022
genesis 5_armada VS leffen/images/frame_620.jpg,101,0,536,359,Battlefield,0.9981263
genesis 5_armada VS leffen/images/frame_476.jpg,102,0,536,360,Battlefield,0.9986222
genesis 5_armada VS leffen/images/frame_495.jpg,102,0,537,360,Battlefield,0.9985379
genesis 5_armada VS leffen/images/frame_117.jpg,102,0,536,360,Dreamland,0.9992883
genesis 5_armada VS leffen/images/frame_226.jpg,102,0,536,360,Final Destination,0.99798846
genesis 5_armada VS leffen/images/frame_413.jpg,102,0,536,360,Battlefield,0.9965615
genesis 5_armada VS leffen/images/frame_503.jpg,101,0,535,360,Battlefield,0.99803996
genesis 5_armada VS leffen/images/frame_610.jpg,102,0,536,360,Battlefield,0.9990292
genesis 5_armada VS leffen/images/frame_597.jpg,103,0,536,360,Battlefield,0.99844635
genesis 5_armada VS leffen/images/frame_281.jpg,102,0,536,360,Final Destination,0.99735796
genesis 5_armada VS leffen/images/frame_70.jpg,102,0,536,360,Dreamland,0.9973477
genesis 5_armada VS leffen/images/frame_636.jpg,102,0,536,360,Battlefield,0.99706554
genesis 5_armada VS leffen/images/frame_313.jpg,102,0,537,359,Final Destination,0.9976343
genesis 5_armada VS leffen/images/frame_239.jpg,101,0,536,359,Final Destination,0.998405
genesis 5_armada VS leffen/images/frame_23.jpg,102,0,536,360,Dreamland,0.99875176
genesis 5_armada VS leffen/images/frame_466.jpg,102,0,536,360,Battlefield,0.99852765
genesis 5_armada VS leffen/images/frame_51.jpg,102,1,537,360,Dreamland,0.9989192
genesis 5_armada VS leffen/images/frame_179.jpg,101,0,536,360,Dreamland,0.99917185
genesis 5_armada VS leffen/images/frame_132.jpg,102,0,536,360,Dreamland,0.99945587
genesis 5_armada VS leffen/images/frame_12.jpg,102,0,537,360,Dreamland,0.9988843
genesis 5_armada VS leffen/images/frame_58.jpg,103,0,537,360,Dreamland,0.9996004
genesis 5_armada VS leffen/images/frame_270.jpg,101,1,536,360,Final Destination,0.9985677
genesis 5_armada VS leffen/images/frame_42.jpg,101,0,536,360,Dreamland,0.9987309
genesis 5_armada VS leffen/images/frame_133.jpg,101,1,536,360,Dreamland,0.9978095
genesis 5_armada VS leffen/images/frame_264.jpg,101,0,535,360,Final Destination,0.9984766
genesis 5_armada VS leffen/images/frame_107.jpg,101,0,536,359,Dreamland,0.9990542
genesis 5_armada VS leffen/images/frame_518.jpg,101,0,535,360,Battlefield,0.9978186
genesis 5_armada VS leffen/images/frame_689.jpg,101,0,536,360,Battlefield,0.980437
genesis 5_armada VS leffen/images/frame_515.jpg,102,0,536,360,Battlefield,0.9988334
genesis 5_armada VS leffen/images/frame_37.jpg,102,0,536,359,Dreamland,0.9983655
genesis 5_armada VS leffen/images/frame_305.jpg,102,1,537,360,Final Destination,0.99866617
genesis 5_armada VS leffen/images/frame_24.jpg,101,1,535,359,Dreamland,0.99871314
genesis 5_armada VS leffen/images/frame_67.jpg,102,0,536,360,Dreamland,0.9990972
genesis 5_armada VS leffen/images/frame_432.jpg,102,0,536,360,Battlefield,0.99727654
genesis 5_armada VS leffen/images/frame_54.jpg,101,0,536,360,Dreamland,0.9987006
genesis 5_armada VS leffen/images/frame_155.jpg,103,0,538,359,Dreamland,0.9995724
genesis 5_armada VS leffen/images/frame_410.jpg,102,0,536,360,Battlefield,0.99875736
genesis 5_armada VS leffen/images/frame_519.jpg,101,0,536,360,Battlefield,0.99826026
genesis 5_armada VS leffen/images/frame_115.jpg,102,0,537,358,Dreamland,0.99887645
genesis 5_armada VS leffen/images/frame_206.jpg,101,0,536,360,Final Destination,0.9981515
genesis 5_armada VS leffen/images/frame_362.jpg,101,0,535,359,Final Destination,0.9972162
genesis 5_armada VS leffen/images/frame_320.jpg,103,0,537,360,Final Destination,0.9950575
genesis 5_armada VS leffen/images/frame_542.jpg,102,0,536,359,Battlefield,0.9973083
genesis 5_armada VS leffen/images/frame_634.jpg,102,0,536,360,Battlefield,0.9986392
genesis 5_armada VS leffen/images/frame_499.jpg,102,0,535,359,Battlefield,0.9912219
genesis 5_armada VS leffen/images/frame_454.jpg,102,1,536,360,Battlefield,0.9954644
genesis 5_armada VS leffen/images/frame_22.jpg,101,0,536,360,Dreamland,0.998995
genesis 5_armada VS leffen/images/frame_468.jpg,102,0,536,359,Battlefield,0.9957948
genesis 5_armada VS leffen/images/frame_416.jpg,101,0,534,360,Battlefield,0.9980242
genesis 5_armada VS leffen/images/frame_637.jpg,102,0,536,360,Battlefield,0.9961668
genesis 5_armada VS leffen/images/frame_234.jpg,101,0,536,360,Final Destination,0.9978832
genesis 5_armada VS leffen/images/frame_130.jpg,102,0,535,360,Dreamland,0.9974284
genesis 5_armada VS leffen/images/frame_398.jpg,101,0,536,360,Battlefield,0.99916786
genesis 5_armada VS leffen/images/frame_669.jpg,102,0,537,360,Battlefield,0.9958815
genesis 5_armada VS leffen/images/frame_123.jpg,102,0,537,359,Dreamland,0.999328
genesis 5_armada VS leffen/images/frame_564.jpg,102,1,536,360,Battlefield,0.99650216
genesis 5_armada VS leffen/images/frame_547.jpg,102,0,536,360,Battlefield,0.9983356
genesis 5_armada VS leffen/images/frame_363.jpg,102,0,536,359,Final Destination,0.997084
genesis 5_armada VS leffen/images/frame_421.jpg,102,0,536,359,Battlefield,0.9984977
genesis 5_armada VS leffen/images/frame_489.jpg,102,0,536,360,Battlefield,0.9957118
genesis 5_armada VS leffen/images/frame_230.jpg,102,0,537,359,Final Destination,0.99764836
genesis 5_armada VS leffen/images/frame_355.jpg,102,0,536,360,Final Destination,0.9989685
genesis 5_armada VS leffen/images/frame_394.jpg,102,0,536,360,Battlefield,0.99854994
genesis 5_armada VS leffen/images/frame_329.jpg,101,0,536,358,Final Destination,0.99658763
genesis 5_armada VS leffen/images/frame_87.jpg,102,0,536,359,Dreamland,0.99913883
genesis 5_armada VS leffen/images/frame_388.jpg,102,0,536,360,Battlefield,0.9980571
genesis 5_armada VS leffen/images/frame_525.jpg,102,0,536,360,Battlefield,0.99856627
genesis 5_armada VS leffen/images/frame_446.jpg,102,1,536,360,Battlefield,0.99820983
genesis 5_armada VS leffen/images/frame_632.jpg,102,0,536,360,Battlefield,0.99906373
genesis 5_armada VS leffen/images/frame_289.jpg,101,1,537,360,Final Destination,0.99861145
genesis 5_armada VS leffen/images/frame_569.jpg,102,0,536,360,Battlefield,0.99534166
genesis 5_armada VS leffen/images/frame_408.jpg,102,1,536,360,Battlefield,0.9978485
genesis 5_armada VS leffen/images/frame_216.jpg,103,0,536,360,Final Destination,0.99874216
genesis 5_armada VS leffen/images/frame_32.jpg,102,0,537,359,Dreamland,0.99924284
genesis 5_armada VS leffen/images/frame_448.jpg,102,0,536,359,Battlefield,0.9949361
genesis 5_armada VS leffen/images/frame_269.jpg,101,0,536,360,Final Destination,0.99885
genesis 5_armada VS leffen/images/frame_44.jpg,102,0,536,360,Dreamland,0.99924004
genesis 5_armada VS leffen/images/frame_295.jpg,101,0,536,360,Final Destination,0.99631006
genesis 5_armada VS leffen/images/frame_344.jpg,102,0,536,360,Final Destination,0.99613136
genesis 5_armada VS leffen/images/frame_652.jpg,102,0,536,360,Battlefield,0.99854267
genesis 5_armada VS leffen/images/frame_452.jpg,102,0,535,359,Battlefield,0.9973481
genesis 5_armada VS leffen/images/frame_490.jpg,101,0,536,360,Battlefield,0.9942335
genesis 5_armada VS leffen/images/frame_487.jpg,102,0,536,360,Battlefield,0.99705064
genesis 5_armada VS leffen/images/frame_112.jpg,101,0,536,360,Dreamland,0.9995824
genesis 5_armada VS leffen/images/frame_72.jpg,101,0,536,360,Dreamland,0.9991551
genesis 5_armada VS leffen/images/frame_672.jpg,102,1,537,360,Battlefield,0.99821025
genesis 5_armada VS leffen/images/frame_259.jpg,101,0,535,360,Final Destination,0.9981097
genesis 5_armada VS leffen/images/frame_275.jpg,103,0,536,360,Final Destination,0.9990615
genesis 5_armada VS leffen/images/frame_396.jpg,102,0,537,360,Battlefield,0.9988339
genesis 5_armada VS leffen/images/frame_165.jpg,101,1,536,360,Dreamland,0.9984999
genesis 5_armada VS leffen/images/frame_430.jpg,102,0,536,360,Battlefield,0.9983666
genesis 5_armada VS leffen/images/frame_249.jpg,101,0,536,360,Final Destination,0.99868906
genesis 5_armada VS leffen/images/frame_171.jpg,102,0,537,359,Dreamland,0.99924743
genesis 5_armada VS leffen/images/frame_625.jpg,102,0,536,360,Battlefield,0.9941234
genesis 5_armada VS leffen/images/frame_470.jpg,102,0,536,360,Battlefield,0.9986316
genesis 5_armada VS leffen/images/frame_680.jpg,101,0,536,360,Battlefield,0.9975389
genesis 5_armada VS leffen/images/frame_460.jpg,102,0,537,360,Battlefield,0.998168
genesis 5_armada VS leffen/images/frame_291.jpg,102,0,536,360,Final Destination,0.99837667
genesis 5_armada VS leffen/images/frame_261.jpg,102,0,536,359,Final Destination,0.995263
genesis 5_armada VS leffen/images/frame_337.jpg,101,0,535,360,Final Destination,0.99286723
genesis 5_armada VS leffen/images/frame_242.jpg,103,1,537,360,Final Destination,0.9983909
genesis 5_armada VS leffen/images/frame_232.jpg,102,0,536,360,Final Destination,0.9982375
genesis 5_armada VS leffen/images/frame_409.jpg,102,0,536,360,Battlefield,0.99852675
genesis 5_armada VS leffen/images/frame_60.jpg,102,0,536,357,Dreamland,0.9992467
genesis 5_armada VS leffen/images/frame_101.jpg,103,0,536,360,Dreamland,0.99937487
genesis 5_armada VS leffen/images/frame_135.jpg,102,1,537,359,Dreamland,0.99892676
genesis 5_armada VS leffen/images/frame_71.jpg,102,0,535,360,Dreamland,0.99854386
genesis 5_armada VS leffen/images/frame_443.jpg,102,0,536,360,Battlefield,0.99610716
genesis 5_armada VS leffen/images/frame_593.jpg,103,0,536,360,Battlefield,0.989871
genesis 5_armada VS leffen/images/frame_467.jpg,102,0,537,360,Battlefield,0.9985395
genesis 5_armada VS leffen/images/frame_116.jpg,102,1,537,360,Dreamland,0.99892896
genesis 5_armada VS leffen/images/frame_419.jpg,102,0,536,360,Battlefield,0.9987688
genesis 5_armada VS leffen/images/frame_627.jpg,102,0,536,360,Battlefield,0.9964925
genesis 5_armada VS leffen/images/frame_348.jpg,102,0,536,358,Final Destination,0.9970019
genesis 5_armada VS leffen/images/frame_494.jpg,101,0,535,360,Battlefield,0.99524957
genesis 5_armada VS leffen/images/frame_684.jpg,102,0,536,360,Battlefield,0.9982338
genesis 5_armada VS leffen/images/frame_539.jpg,102,1,536,360,Battlefield,0.9970904
genesis 5_armada VS leffen/images/frame_169.jpg,101,0,536,360,Dreamland,0.99929154
genesis 5_armada VS leffen/images/frame_469.jpg,102,0,537,359,Battlefield,0.9977249
genesis 5_armada VS leffen/images/frame_657.jpg,102,0,536,359,Battlefield,0.9990806
genesis 5_armada VS leffen/images/frame_266.jpg,101,0,536,360,Final Destination,0.99574554
genesis 5_armada VS leffen/images/frame_526.jpg,101,0,536,360,Battlefield,0.99803346
genesis 5_armada VS leffen/images/frame_235.jpg,102,0,537,360,Final Destination,0.99909955
genesis 5_armada VS leffen/images/frame_505.jpg,102,0,536,359,Battlefield,0.99867815
genesis 5_armada VS leffen/images/frame_240.jpg,102,0,536,360,Final Destination,0.9967386
genesis 5_armada VS leffen/images/frame_404.jpg,102,0,536,360,Battlefield,0.9972912
genesis 5_armada VS leffen/images/frame_663.jpg,101,0,536,360,Battlefield,0.9986469
genesis 5_armada VS leffen/images/frame_205.jpg,102,0,536,360,Final Destination,0.99753153
genesis 5_armada VS leffen/images/frame_683.jpg,102,0,535,360,Battlefield,0.9954766
genesis 5_armada VS leffen/images/frame_340.jpg,101,0,535,358,Final Destination,0.9924713
genesis 5_armada VS leffen/images/frame_208.jpg,102,0,535,359,Final Destination,0.99626696
genesis 5_armada VS leffen/images/frame_93.jpg,102,0,537,359,Dreamland,0.99904275
genesis 5_armada VS leffen/images/frame_91.jpg,102,0,536,360,Dreamland,0.9990204
genesis 5_armada VS leffen/images/frame_231.jpg,101,0,536,360,Final Destination,0.99682415
genesis 5_armada VS leffen/images/frame_31.jpg,101,0,536,360,Dreamland,0.9986778
genesis 5_armada VS leffen/images/frame_544.jpg,102,0,536,359,Battlefield,0.9981108
genesis 5_armada VS leffen/images/frame_570.jpg,102,0,536,358,Battlefield,0.9947698
genesis 5_armada VS leffen/images/frame_110.jpg,102,0,537,360,Dreamland,0.9995665
genesis 5_armada VS leffen/images/frame_79.jpg,102,0,536,360,Dreamland,0.99898255
genesis 5_armada VS leffen/images/frame_361.jpg,101,0,536,359,Final Destination,0.9978847
genesis 5_armada VS leffen/images/frame_108.jpg,102,0,535,360,Dreamland,0.999262
genesis 5_armada VS leffen/images/frame_273.jpg,101,0,535,360,Final Destination,0.99759233
genesis 5_armada VS leffen/images/frame_202.jpg,102,0,536,360,Final Destination,0.99688464
genesis 5_armada VS leffen/images/frame_479.jpg,102,0,536,360,Battlefield,0.9981653
genesis 5_armada VS leffen/images/frame_629.jpg,103,0,536,360,Battlefield,0.997012
genesis 5_armada VS leffen/images/frame_548.jpg,102,0,537,360,Battlefield,0.9977584
genesis 5_armada VS leffen/images/frame_128.jpg,102,1,535,360,Dreamland,0.9990115
genesis 5_armada VS leffen/images/frame_336.jpg,101,0,536,360,Final Destination,0.994526
genesis 5_armada VS leffen/images/frame_182.jpg,103,0,536,358,Dreamland,0.96845216
genesis 5_armada VS leffen/images/frame_422.jpg,102,0,536,360,Battlefield,0.9971795
genesis 5_armada VS leffen/images/frame_619.jpg,102,0,536,359,Battlefield,0.99723434
genesis 5_armada VS leffen/images/frame_605.jpg,101,0,536,360,Battlefield,0.9986069
genesis 5_armada VS leffen/images/frame_357.jpg,103,0,535,359,Final Destination,0.997687
genesis 5_armada VS leffen/images/frame_602.jpg,101,0,536,360,Battlefield,0.9960007
