images/frame_1.jpg,,,,,
images/frame_3.jpg,,,,,
images/frame_4.jpg,,,,,
images/frame_5.jpg,,,,,
images/frame_7.jpg,,,,,
images/frame_8.jpg,,,,,
images/frame_9.jpg,,,,,
images/frame_10.jpg,,,,,
images/frame_13.jpg,102,0,536,360,Dreamland
images/frame_15.jpg,102,0,536,360,Dreamland
images/frame_16.jpg,102,0,536,360,Dreamland
images/frame_18.jpg,102,0,536,360,Dreamland
images/frame_19.jpg,102,0,536,360,Dreamland
images/frame_21.jpg,102,0,536,360,Dreamland
images/frame_22.jpg,102,0,536,360,Dreamland
images/frame_23.jpg,102,0,536,360,Dreamland
images/frame_24.jpg,102,0,536,360,Dreamland
images/frame_26.jpg,102,0,536,360,Dreamland
images/frame_27.jpg,102,0,536,360,Dreamland
images/frame_28.jpg,102,0,536,360,Dreamland
images/frame_30.jpg,102,0,536,360,Dreamland
images/frame_31.jpg,102,0,536,360,Dreamland
images/frame_32.jpg,102,0,536,360,Dreamland
images/frame_33.jpg,102,0,536,360,Dreamland
images/frame_35.jpg,102,0,536,360,Dreamland
images/frame_36.jpg,102,0,536,360,Dreamland
images/frame_37.jpg,102,0,536,360,Dreamland
images/frame_38.jpg,102,0,536,360,Dreamland
images/frame_40.jpg,102,0,536,360,Dreamland
images/frame_41.jpg,102,0,536,360,Dreamland
images/frame_43.jpg,102,0,536,360,Dreamland
images/frame_44.jpg,102,0,536,360,Dreamland
images/frame_45.jpg,102,0,536,360,Dreamland
images/frame_46.jpg,102,0,536,360,Dreamland
images/frame_47.jpg,102,0,536,360,Dreamland
images/frame_48.jpg,102,0,536,360,Dreamland
images/frame_49.jpg,102,0,536,360,Dreamland
images/frame_50.jpg,102,0,536,360,Dreamland
images/frame_51.jpg,102,0,536,360,Dreamland
images/frame_52.jpg,102,0,536,360,Dreamland
images/frame_53.jpg,102,0,536,360,Dreamland
images/frame_54.jpg,102,0,536,360,Dreamland
images/frame_55.jpg,102,0,536,360,Dreamland
images/frame_57.jpg,102,0,536,360,Dreamland
images/frame_58.jpg,102,0,536,360,Dreamland
images/frame_61.jpg,102,0,536,360,Dreamland
images/frame_62.jpg,102,0,536,360,Dreamland
images/frame_63.jpg,102,0,536,360,Dreamland
images/frame_64.jpg,102,0,536,360,Dreamland
images/frame_65.jpg,102,0,536,360,Dreamland
images/frame_66.jpg,102,0,536,360,Dreamland
images/frame_68.jpg,102,0,536,360,Dreamland
images/frame_69.jpg,102,0,536,360,Dreamland
images/frame_70.jpg,102,0,536,360,Dreamland
images/frame_73.jpg,102,0,536,360,Dreamland
images/frame_74.jpg,102,0,536,360,Dreamland
images/frame_75.jpg,102,0,536,360,Dreamland
images/frame_76.jpg,102,0,536,360,Dreamland
images/frame_77.jpg,102,0,536,360,Dreamland
images/frame_78.jpg,102,0,536,360,Dreamland
images/frame_79.jpg,102,0,536,360,Dreamland
images/frame_80.jpg,102,0,536,360,Dreamland
images/frame_81.jpg,102,0,536,360,Dreamland
images/frame_83.jpg,102,0,536,360,Dreamland
images/frame_84.jpg,102,0,536,360,Dreamland
images/frame_85.jpg,102,0,536,360,Dreamland
images/frame_86.jpg,102,0,536,360,Dreamland
images/frame_87.jpg,102,0,536,360,Dreamland
images/frame_89.jpg,102,0,536,360,Dreamland
images/frame_90.jpg,102,0,536,360,Dreamland
images/frame_91.jpg,102,0,536,360,Dreamland
images/frame_92.jpg,102,0,536,360,Dreamland
images/frame_93.jpg,102,0,536,360,Dreamland
images/frame_94.jpg,102,0,536,360,Dreamland
images/frame_95.jpg,102,0,536,360,Dreamland
images/frame_96.jpg,102,0,536,360,Dreamland
images/frame_97.jpg,102,0,536,360,Dreamland
images/frame_99.jpg,102,0,536,360,Dreamland
images/frame_100.jpg,102,0,536,360,Dreamland
images/frame_102.jpg,102,0,536,360,Dreamland
images/frame_104.jpg,102,0,536,360,Dreamland
images/frame_106.jpg,102,0,536,360,Dreamland
images/frame_109.jpg,102,0,536,360,Dreamland
images/frame_110.jpg,102,0,536,360,Dreamland
images/frame_111.jpg,102,0,536,360,Dreamland
images/frame_112.jpg,102,0,536,360,Dreamland
images/frame_113.jpg,102,0,536,360,Dreamland
images/frame_114.jpg,102,0,536,360,Dreamland
images/frame_115.jpg,102,0,536,360,Dreamland
images/frame_116.jpg,102,0,536,360,Dreamland
images/frame_117.jpg,102,0,536,360,Dreamland
images/frame_118.jpg,102,0,536,360,Dreamland
images/frame_119.jpg,102,0,536,360,Dreamland
images/frame_120.jpg,102,0,536,360,Dreamland
images/frame_125.jpg,102,0,536,360,Dreamland
images/frame_126.jpg,102,0,536,360,Dreamland
images/frame_127.jpg,102,0,536,360,Dreamland
images/frame_128.jpg,102,0,536,360,Dreamland
images/frame_129.jpg,102,0,536,360,Dreamland
images/frame_130.jpg,102,0,536,360,Dreamland
images/frame_131.jpg,102,0,536,360,Dreamland
images/frame_132.jpg,102,0,536,360,Dreamland
images/frame_135.jpg,102,0,536,360,Dreamland
images/frame_136.jpg,102,0,536,360,Dreamland
images/frame_138.jpg,102,0,536,360,Dreamland
images/frame_139.jpg,102,0,536,360,Dreamland
images/frame_140.jpg,102,0,536,360,Dreamland
images/frame_141.jpg,102,0,536,360,Dreamland
images/frame_142.jpg,102,0,536,360,Dreamland
images/frame_143.jpg,102,0,536,360,Dreamland
images/frame_144.jpg,102,0,536,360,Dreamland
images/frame_146.jpg,102,0,536,360,Dreamland
images/frame_148.jpg,102,0,536,360,Dreamland
images/frame_149.jpg,102,0,536,360,Dreamland
images/frame_152.jpg,102,0,536,360,Dreamland
images/frame_153.jpg,102,0,536,360,Dreamland
images/frame_156.jpg,102,0,536,360,Dreamland
images/frame_158.jpg,102,0,536,360,Dreamland
images/frame_160.jpg,102,0,536,360,Dreamland
images/frame_161.jpg,102,0,536,360,Dreamland
images/frame_162.jpg,102,0,536,360,Dreamland
images/frame_163.jpg,102,0,536,360,Dreamland
images/frame_165.jpg,102,0,536,360,Dreamland
images/frame_166.jpg,102,0,536,360,Dreamland
images/frame_167.jpg,102,0,536,360,Dreamland
images/frame_168.jpg,102,0,536,360,Dreamland
images/frame_169.jpg,102,0,536,360,Dreamland
images/frame_170.jpg,102,0,536,360,Dreamland
images/frame_173.jpg,102,0,536,360,Dreamland
images/frame_174.jpg,102,0,536,360,Dreamland
images/frame_176.jpg,102,0,536,360,Dreamland
images/frame_177.jpg,102,0,536,360,Dreamland
images/frame_178.jpg,102,0,536,360,Dreamland
images/frame_179.jpg,102,0,536,360,Dreamland
images/frame_180.jpg,102,0,536,360,Dreamland
images/frame_181.jpg,102,0,536,360,Dreamland
images/frame_183.jpg,,,,,
images/frame_184.jpg,,,,,
images/frame_185.jpg,,,,,
images/frame_186.jpg,,,,,
images/frame_187.jpg,,,,,
images/frame_188.jpg,,,,,
images/frame_189.jpg,,,,,
images/frame_190.jpg,,,,,
images/frame_191.jpg,,,,,
images/frame_192.jpg,,,,,
images/frame_195.jpg,,,,,
images/frame_196.jpg,,,,,
images/frame_197.jpg,,,,,
images/frame_199.jpg,,,,,
images/frame_200.jpg,102,0,536,360,Final Destination
images/frame_201.jpg,102,0,536,360,Final Destination
images/frame_202.jpg,102,0,536,360,Final Destination
images/frame_203.jpg,102,0,536,360,Final Destination
images/frame_204.jpg,102,0,536,360,Final Destination
images/frame_205.jpg,102,0,536,360,Final Destination
images/frame_206.jpg,102,0,536,360,Final Destination
images/frame_208.jpg,102,0,536,360,Final Destination
images/frame_212.jpg,102,0,536,360,Final Destination
images/frame_214.jpg,102,0,536,360,Final Destination
images/frame_215.jpg,102,0,536,360,Final Destination
images/frame_216.jpg,102,0,536,360,Final Destination
images/frame_217.jpg,102,0,536,360,Final Destination
images/frame_218.jpg,102,0,536,360,Final Destination
images/frame_219.jpg,102,0,536,360,Final Destination
images/frame_222.jpg,102,0,536,360,Final Destination
images/frame_223.jpg,102,0,536,360,Final Destination
images/frame_224.jpg,102,0,536,360,Final Destination
images/frame_225.jpg,102,0,536,360,Final Destination
images/frame_226.jpg,102,0,536,360,Final Destination
images/frame_227.jpg,102,0,536,360,Final Destination
images/frame_228.jpg,102,0,536,360,Final Destination
images/frame_229.jpg,102,0,536,360,Final Destination
images/frame_230.jpg,102,0,536,360,Final Destination
images/frame_231.jpg,102,0,536,360,Final Destination
images/frame_232.jpg,102,0,536,360,Final Destination
images/frame_233.jpg,102,0,536,360,Final Destination
images/frame_234.jpg,102,0,536,360,Final Destination
images/frame_235.jpg,102,0,536,360,Final Destination
images/frame_237.jpg,102,0,536,360,Final Destination
images/frame_238.jpg,102,0,536,360,Final Destination
images/frame_240.jpg,102,0,536,360,Final Destination
images/frame_242.jpg,102,0,536,360,Final Destination
images/frame_243.jpg,102,0,536,360,Final Destination
images/frame_244.jpg,102,0,536,360,Final Destination
images/frame_245.jpg,102,0,536,360,Final Destination
images/frame_246.jpg,102,0,536,360,Final Destination
images/frame_247.jpg,102,0,536,360,Final Destination
images/frame_248.jpg,102,0,536,360,Final Destination
images/frame_249.jpg,102,0,536,360,Final Destination
images/frame_251.jpg,102,0,536,360,Final Destination
images/frame_252.jpg,102,0,536,360,Final Destination
images/frame_254.jpg,102,0,536,360,Final Destination
images/frame_255.jpg,102,0,536,360,Final Destination
images/frame_256.jpg,102,0,536,360,Final Destination
images/frame_258.jpg,102,0,536,360,Final Destination
images/frame_259.jpg,102,0,536,360,Final Destination
images/frame_260.jpg,102,0,536,360,Final Destination
images/frame_261.jpg,102,0,536,360,Final Destination
images/frame_262.jpg,102,0,536,360,Final Destination
images/frame_264.jpg,102,0,536,360,Final Destination
images/frame_266.jpg,102,0,536,360,Final Destination
images/frame_267.jpg,102,0,536,360,Final Destination
images/frame_268.jpg,102,0,536,360,Final Destination
images/frame_269.jpg,102,0,536,360,Final Destination
images/frame_272.jpg,102,0,536,360,Final Destination
images/frame_274.jpg,102,0,536,360,Final Destination
images/frame_276.jpg,102,0,536,360,Final Destination
images/frame_277.jpg,102,0,536,360,Final Destination
images/frame_278.jpg,102,0,536,360,Final Destination
images/frame_279.jpg,102,0,536,360,Final Destination
images/frame_280.jpg,102,0,536,360,Final Destination
images/frame_283.jpg,102,0,536,360,Final Destination
images/frame_285.jpg,102,0,536,360,Final Destination
images/frame_286.jpg,102,0,536,360,Final Destination
images/frame_288.jpg,102,0,536,360,Final Destination
images/frame_289.jpg,102,0,536,360,Final Destination
images/frame_290.jpg,102,0,536,360,Final Destination
images/frame_291.jpg,102,0,536,360,Final Destination
images/frame_293.jpg,102,0,536,360,Final Destination
images/frame_294.jpg,102,0,536,360,Final Destination
images/frame_295.jpg,102,0,536,360,Final Destination
images/frame_297.jpg,102,0,536,360,Final Destination
images/frame_299.jpg,102,0,536,360,Final Destination
images/frame_300.jpg,102,0,536,360,Final Destination
images/frame_301.jpg,102,0,536,360,Final Destination
images/frame_302.jpg,102,0,536,360,Final Destination
images/frame_303.jpg,102,0,536,360,Final Destination
images/frame_304.jpg,102,0,536,360,Final Destination
images/frame_305.jpg,102,0,536,360,Final Destination
images/frame_306.jpg,102,0,536,360,Final Destination
images/frame_308.jpg,102,0,536,360,Final Destination
images/frame_311.jpg,102,0,536,360,Final Destination
images/frame_312.jpg,102,0,536,360,Final Destination
images/frame_315.jpg,102,0,536,360,Final Destination
images/frame_316.jpg,102,0,536,360,Final Destination
images/frame_317.jpg,102,0,536,360,Final Destination
images/frame_318.jpg,102,0,536,360,Final Destination
images/frame_319.jpg,102,0,536,360,Final Destination
images/frame_320.jpg,102,0,536,360,Final Destination
images/frame_321.jpg,102,0,536,360,Final Destination
images/frame_324.jpg,102,0,536,360,Final Destination
images/frame_325.jpg,102,0,536,360,Final Destination
images/frame_329.jpg,102,0,536,360,Final Destination
images/frame_330.jpg,102,0,536,360,Final Destination
images/frame_332.jpg,102,0,536,360,Final Destination
images/frame_333.jpg,102,0,536,360,Final Destination
images/frame_334.jpg,102,0,536,360,Final Destination
images/frame_337.jpg,102,0,536,360,Final Destination
images/frame_338.jpg,102,0,536,360,Final Destination
images/frame_340.jpg,102,0,536,360,Final Destination
images/frame_341.jpg,102,0,536,360,Final Destination
images/frame_342.jpg,102,0,536,360,Final Destination
images/frame_343.jpg,102,0,536,360,Final Destination
images/frame_344.jpg,102,0,536,360,Final Destination
images/frame_345.jpg,102,0,536,360,Final Destination
images/frame_346.jpg,102,0,536,360,Final Destination
images/frame_348.jpg,102,0,536,360,Final Destination
images/frame_349.jpg,102,0,536,360,Final Destination
images/frame_351.jpg,102,0,536,360,Final Destination
images/frame_355.jpg,102,0,536,360,Final Destination
images/frame_359.jpg,102,0,536,360,Final Destination
images/frame_360.jpg,102,0,536,360,Final Destination
images/frame_361.jpg,102,0,536,360,Final Destination
images/frame_362.jpg,102,0,536,360,Final Destination
images/frame_364.jpg,102,0,536,360,Final Destination
images/frame_365.jpg,102,0,536,360,Final Destination
images/frame_366.jpg,,,,,
images/frame_367.jpg,,,,,
images/frame_368.jpg,,,,,
images/frame_369.jpg,,,,,
images/frame_371.jpg,,,,,
images/frame_372.jpg,,,,,
images/frame_374.jpg,,,,,
images/frame_376.jpg,,,,,
images/frame_377.jpg,,,,,
images/frame_378.jpg,,,,,
images/frame_381.jpg,,,,,
images/frame_384.jpg,102,0,536,360,Battlefield
images/frame_385.jpg,102,0,536,360,Battlefield
images/frame_386.jpg,102,0,536,360,Battlefield
images/frame_388.jpg,102,0,536,360,Battlefield
images/frame_389.jpg,102,0,536,360,Battlefield
images/frame_390.jpg,102,0,536,360,Battlefield
images/frame_391.jpg,102,0,536,360,Battlefield
images/frame_393.jpg,102,0,536,360,Battlefield
images/frame_394.jpg,102,0,536,360,Battlefield
images/frame_395.jpg,102,0,536,360,Battlefield
images/frame_396.jpg,102,0,536,360,Battlefield
images/frame_398.jpg,102,0,536,360,Battlefield
images/frame_399.jpg,102,0,536,360,Battlefield
images/frame_400.jpg,102,0,536,360,Battlefield
images/frame_401.jpg,102,0,536,360,Battlefield
images/frame_403.jpg,102,0,536,360,Battlefield
images/frame_404.jpg,102,0,536,360,Battlefield
images/frame_406.jpg,102,0,536,360,Battlefield
images/frame_407.jpg,102,0,536,360,Battlefield
images/frame_408.jpg,102,0,536,360,Battlefield
images/frame_409.jpg,102,0,536,360,Battlefield
images/frame_410.jpg,102,0,536,360,Battlefield
images/frame_411.jpg,102,0,536,360,Battlefield
images/frame_412.jpg,102,0,536,360,Battlefield
images/frame_415.jpg,102,0,536,360,Battlefield
images/frame_416.jpg,102,0,536,360,Battlefield
images/frame_417.jpg,102,0,536,360,Battlefield
images/frame_418.jpg,102,0,536,360,Battlefield
images/frame_419.jpg,102,0,536,360,Battlefield
images/frame_420.jpg,102,0,536,360,Battlefield
images/frame_421.jpg,102,0,536,360,Battlefield
images/frame_422.jpg,102,0,536,360,Battlefield
images/frame_425.jpg,102,0,536,360,Battlefield
images/frame_426.jpg,102,0,536,360,Battlefield
images/frame_427.jpg,102,0,536,360,Battlefield
images/frame_428.jpg,102,0,536,360,Battlefield
images/frame_429.jpg,102,0,536,360,Battlefield
images/frame_430.jpg,102,0,536,360,Battlefield
images/frame_431.jpg,102,0,536,360,Battlefield
images/frame_433.jpg,102,0,536,360,Battlefield
images/frame_435.jpg,102,0,536,360,Battlefield
images/frame_436.jpg,102,0,536,360,Battlefield
images/frame_438.jpg,102,0,536,360,Battlefield
images/frame_439.jpg,102,0,536,360,Battlefield
images/frame_441.jpg,102,0,536,360,Battlefield
images/frame_442.jpg,102,0,536,360,Battlefield
images/frame_443.jpg,102,0,536,360,Battlefield
images/frame_444.jpg,102,0,536,360,Battlefield
images/frame_448.jpg,102,0,536,360,Battlefield
images/frame_449.jpg,102,0,536,360,Battlefield
images/frame_450.jpg,102,0,536,360,Battlefield
images/frame_451.jpg,102,0,536,360,Battlefield
images/frame_452.jpg,102,0,536,360,Battlefield
images/frame_453.jpg,102,0,536,360,Battlefield
images/frame_454.jpg,102,0,536,360,Battlefield
images/frame_456.jpg,102,0,536,360,Battlefield
images/frame_457.jpg,102,0,536,360,Battlefield
images/frame_458.jpg,102,0,536,360,Battlefield
images/frame_461.jpg,102,0,536,360,Battlefield
images/frame_462.jpg,102,0,536,360,Battlefield
images/frame_464.jpg,102,0,536,360,Battlefield
images/frame_467.jpg,102,0,536,360,Battlefield
images/frame_468.jpg,102,0,536,360,Battlefield
images/frame_469.jpg,102,0,536,360,Battlefield
images/frame_470.jpg,102,0,536,360,Battlefield
images/frame_471.jpg,102,0,536,360,Battlefield
images/frame_472.jpg,102,0,536,360,Battlefield
images/frame_473.jpg,102,0,536,360,Battlefield
images/frame_475.jpg,102,0,536,360,Battlefield
images/frame_477.jpg,102,0,536,360,Battlefield
images/frame_478.jpg,102,0,536,360,Battlefield
images/frame_479.jpg,102,0,536,360,Battlefield
images/frame_480.jpg,102,0,536,360,Battlefield
images/frame_481.jpg,102,0,536,360,Battlefield
images/frame_482.jpg,102,0,536,360,Battlefield
images/frame_483.jpg,102,0,536,360,Battlefield
images/frame_484.jpg,102,0,536,360,Battlefield
images/frame_485.jpg,102,0,536,360,Battlefield
images/frame_486.jpg,102,0,536,360,Battlefield
images/frame_487.jpg,102,0,536,360,Battlefield
images/frame_488.jpg,102,0,536,360,Battlefield
images/frame_490.jpg,102,0,536,360,Battlefield
images/frame_491.jpg,102,0,536,360,Battlefield
images/frame_493.jpg,102,0,536,360,Battlefield
images/frame_494.jpg,102,0,536,360,Battlefield
images/frame_495.jpg,102,0,536,360,Battlefield
images/frame_496.jpg,102,0,536,360,Battlefield
images/frame_497.jpg,102,0,536,360,Battlefield
images/frame_498.jpg,102,0,536,360,Battlefield
images/frame_501.jpg,102,0,536,360,Battlefield
images/frame_503.jpg,102,0,536,360,Battlefield
images/frame_505.jpg,102,0,536,360,Battlefield
images/frame_506.jpg,102,0,536,360,Battlefield
images/frame_507.jpg,102,0,536,360,Battlefield
images/frame_508.jpg,102,0,536,360,Battlefield
images/frame_510.jpg,102,0,536,360,Battlefield
images/frame_512.jpg,102,0,536,360,Battlefield
images/frame_513.jpg,102,0,536,360,Battlefield
images/frame_515.jpg,102,0,536,360,Battlefield
images/frame_516.jpg,102,0,536,360,Battlefield
images/frame_518.jpg,102,0,536,360,Battlefield
images/frame_519.jpg,102,0,536,360,Battlefield
images/frame_520.jpg,102,0,536,360,Battlefield
images/frame_521.jpg,102,0,536,360,Battlefield
images/frame_522.jpg,102,0,536,360,Battlefield
images/frame_523.jpg,102,0,536,360,Battlefield
images/frame_524.jpg,102,0,536,360,Battlefield
images/frame_525.jpg,102,0,536,360,Battlefield
images/frame_526.jpg,102,0,536,360,Battlefield
images/frame_527.jpg,102,0,536,360,Battlefield
images/frame_528.jpg,102,0,536,360,Battlefield
images/frame_529.jpg,102,0,536,360,Battlefield
images/frame_531.jpg,102,0,536,360,Battlefield
images/frame_532.jpg,102,0,536,360,Battlefield
images/frame_533.jpg,102,0,536,360,Battlefield
images/frame_534.jpg,102,0,536,360,Battlefield
images/frame_537.jpg,102,0,536,360,Battlefield
images/frame_538.jpg,102,0,536,360,Battlefield
images/frame_539.jpg,102,0,536,360,Battlefield
images/frame_542.jpg,102,0,536,360,Battlefield
images/frame_543.jpg,102,0,536,360,Battlefield
images/frame_544.jpg,102,0,536,360,Battlefield
images/frame_545.jpg,102,0,536,360,Battlefield
images/frame_546.jpg,102,0,536,360,Battlefield
images/frame_547.jpg,102,0,536,360,Battlefield
images/frame_548.jpg,102,0,536,360,Battlefield
images/frame_549.jpg,102,0,536,360,Battlefield
images/frame_550.jpg,102,0,536,360,Battlefield
images/frame_551.jpg,102,0,536,360,Battlefield
images/frame_552.jpg,102,0,536,360,Battlefield
images/frame_553.jpg,102,0,536,360,Battlefield
images/frame_554.jpg,102,0,536,360,Battlefield
images/frame_555.jpg,102,0,536,360,Battlefield
images/frame_556.jpg,102,0,536,360,Battlefield
images/frame_557.jpg,102,0,536,360,Battlefield
images/frame_558.jpg,102,0,536,360,Battlefield
images/frame_559.jpg,,,,,
images/frame_560.jpg,,,,,
images/frame_561.jpg,,,,,
images/frame_562.jpg,,,,,
images/frame_563.jpg,,,,,
images/frame_564.jpg,102,0,536,360,Battlefield
images/frame_565.jpg,102,0,536,360,Battlefield
images/frame_566.jpg,102,0,536,360,Battlefield
images/frame_567.jpg,102,0,536,360,Battlefield
images/frame_568.jpg,102,0,536,360,Battlefield
images/frame_569.jpg,102,0,536,360,Battlefield
images/frame_570.jpg,102,0,536,360,Battlefield
images/frame_571.jpg,,,,,
images/frame_572.jpg,,,,,
images/frame_577.jpg,,,,,
images/frame_579.jpg,,,,,
images/frame_580.jpg,,,,,
images/frame_582.jpg,,,,,
images/frame_583.jpg,,,,,
images/frame_586.jpg,102,0,536,360,Battlefield
images/frame_588.jpg,102,0,536,360,Battlefield
images/frame_590.jpg,102,0,536,360,Battlefield
images/frame_591.jpg,102,0,536,360,Battlefield
images/frame_593.jpg,102,0,536,360,Battlefield
images/frame_595.jpg,102,0,536,360,Battlefield
images/frame_596.jpg,102,0,536,360,Battlefield
images/frame_597.jpg,102,0,536,360,Battlefield
images/frame_602.jpg,102,0,536,360,Battlefield
images/frame_603.jpg,102,0,536,360,Battlefield
images/frame_606.jpg,102,0,536,360,Battlefield
images/frame_607.jpg,102,0,536,360,Battlefield
images/frame_609.jpg,102,0,536,360,Battlefield
images/frame_610.jpg,102,0,536,360,Battlefield
images/frame_611.jpg,102,0,536,360,Battlefield
images/frame_612.jpg,102,0,536,360,Battlefield
images/frame_613.jpg,102,0,536,360,Battlefield
images/frame_615.jpg,102,0,536,360,Battlefield
images/frame_616.jpg,102,0,536,360,Battlefield
images/frame_617.jpg,102,0,536,360,Battlefield
images/frame_618.jpg,102,0,536,360,Battlefield
images/frame_619.jpg,102,0,536,360,Battlefield
images/frame_620.jpg,102,0,536,360,Battlefield
images/frame_621.jpg,102,0,536,360,Battlefield
images/frame_622.jpg,102,0,536,360,Battlefield
images/frame_623.jpg,102,0,536,360,Battlefield
images/frame_625.jpg,102,0,536,360,Battlefield
images/frame_627.jpg,102,0,536,360,Battlefield
images/frame_628.jpg,102,0,536,360,Battlefield
images/frame_629.jpg,102,0,536,360,Battlefield
images/frame_630.jpg,102,0,536,360,Battlefield
images/frame_632.jpg,102,0,536,360,Battlefield
images/frame_635.jpg,102,0,536,360,Battlefield
images/frame_636.jpg,102,0,536,360,Battlefield
images/frame_637.jpg,102,0,536,360,Battlefield
images/frame_639.jpg,102,0,536,360,Battlefield
images/frame_640.jpg,102,0,536,360,Battlefield
images/frame_642.jpg,102,0,536,360,Battlefield
images/frame_643.jpg,102,0,536,360,Battlefield
images/frame_644.jpg,102,0,536,360,Battlefield
images/frame_645.jpg,102,0,536,360,Battlefield
images/frame_646.jpg,102,0,536,360,Battlefield
images/frame_648.jpg,102,0,536,360,Battlefield
images/frame_649.jpg,102,0,536,360,Battlefield
images/frame_650.jpg,102,0,536,360,Battlefield
images/frame_651.jpg,102,0,536,360,Battlefield
images/frame_652.jpg,102,0,536,360,Battlefield
images/frame_653.jpg,102,0,536,360,Battlefield
images/frame_654.jpg,102,0,536,360,Battlefield
images/frame_656.jpg,102,0,536,360,Battlefield
images/frame_657.jpg,102,0,536,360,Battlefield
images/frame_658.jpg,102,0,536,360,Battlefield
images/frame_659.jpg,102,0,536,360,Battlefield
images/frame_662.jpg,102,0,536,360,Battlefield
images/frame_663.jpg,102,0,536,360,Battlefield
images/frame_664.jpg,102,0,536,360,Battlefield
images/frame_665.jpg,102,0,536,360,Battlefield
images/frame_666.jpg,102,0,536,360,Battlefield
images/frame_670.jpg,102,0,536,360,Battlefield
images/frame_671.jpg,102,0,536,360,Battlefield
images/frame_672.jpg,102,0,536,360,Battlefield
images/frame_673.jpg,102,0,536,360,Battlefield
images/frame_674.jpg,102,0,536,360,Battlefield
images/frame_678.jpg,102,0,536,360,Battlefield
images/frame_679.jpg,102,0,536,360,Battlefield
images/frame_680.jpg,102,0,536,360,Battlefield
images/frame_681.jpg,102,0,536,360,Battlefield
images/frame_682.jpg,102,0,536,360,Battlefield
images/frame_683.jpg,102,0,536,360,Battlefield
images/frame_684.jpg,102,0,536,360,Battlefield
images/frame_685.jpg,102,0,536,360,Battlefield
images/frame_686.jpg,102,0,536,360,Battlefield
images/frame_687.jpg,102,0,536,360,Battlefield
images/frame_688.jpg,102,0,536,360,Battlefield
images/frame_690.jpg,,,,,
images/frame_692.jpg,,,,,
images/frame_693.jpg,,,,,
images/frame_694.jpg,,,,,
images/frame_695.jpg,,,,,
images/frame_696.jpg,,,,,
images/frame_697.jpg,,,,,
images/frame_698.jpg,,,,,
images/frame_699.jpg,,,,,
