images/frame_0.jpg,,,,,
images/frame_1.jpg,,,,,
images/frame_2.jpg,,,,,
images/frame_3.jpg,,,,,
images/frame_5.jpg,,,,,
images/frame_6.jpg,,,,,
images/frame_7.jpg,,,,,
images/frame_8.jpg,,,,,
images/frame_9.jpg,,,,,
images/frame_11.jpg,,,,,
images/frame_12.jpg,102,0,536,360,Dreamland
images/frame_13.jpg,102,0,536,360,Dreamland
images/frame_14.jpg,102,0,536,360,Dreamland
images/frame_15.jpg,102,0,536,360,Dreamland
images/frame_17.jpg,102,0,536,360,Dreamland
images/frame_18.jpg,102,0,536,360,Dreamland
images/frame_19.jpg,102,0,536,360,Dreamland
images/frame_20.jpg,102,0,536,360,Dreamland
images/frame_21.jpg,102,0,536,360,Dreamland
images/frame_22.jpg,102,0,536,360,Dreamland
images/frame_23.jpg,102,0,536,360,Dreamland
images/frame_24.jpg,102,0,536,360,Dreamland
images/frame_25.jpg,102,0,536,360,Dreamland
images/frame_26.jpg,102,0,536,360,Dreamland
images/frame_30.jpg,102,0,536,360,Dreamland
images/frame_31.jpg,102,0,536,360,Dreamland
images/frame_33.jpg,102,0,536,360,Dreamland
images/frame_34.jpg,102,0,536,360,Dreamland
images/frame_35.jpg,102,0,536,360,Dreamland
images/frame_37.jpg,102,0,536,360,Dreamland
images/frame_38.jpg,102,0,536,360,Dreamland
images/frame_39.jpg,102,0,536,360,Dreamland
images/frame_40.jpg,102,0,536,360,Dreamland
images/frame_41.jpg,102,0,536,360,Dreamland
images/frame_42.jpg,102,0,536,360,Dreamland
images/frame_43.jpg,102,0,536,360,Dreamland
images/frame_44.jpg,102,0,536,360,Dreamland
images/frame_45.jpg,102,0,536,360,Dreamland
images/frame_47.jpg,102,0,536,360,Dreamland
images/frame_48.jpg,102,0,536,360,Dreamland
images/frame_49.jpg,102,0,536,360,Dreamland
images/frame_50.jpg,102,0,536,360,Dreamland
images/frame_51.jpg,102,0,536,360,Dreamland
images/frame_52.jpg,102,0,536,360,Dreamland
images/frame_53.jpg,102,0,536,360,Dreamland
images/frame_54.jpg,102,0,536,360,Dreamland
images/frame_55.jpg,102,0,536,360,Dreamland
images/frame_56.jpg,102,0,536,360,Dreamland
images/frame_57.jpg,102,0,536,360,Dreamland
images/frame_60.jpg,102,0,536,360,Dreamland
images/frame_61.jpg,102,0,536,360,Dreamland
images/frame_62.jpg,102,0,536,360,Dreamland
images/frame_63.jpg,102,0,536,360,Dreamland
images/frame_64.jpg,102,0,536,360,Dreamland
images/frame_65.jpg,102,0,536,360,Dreamland
images/frame_66.jpg,102,0,536,360,Dreamland
images/frame_67.jpg,102,0,536,360,Dreamland
images/frame_68.jpg,102,0,536,360,Dreamland
images/frame_69.jpg,102,0,536,360,Dreamland
images/frame_71.jpg,102,0,536,360,Dreamland
images/frame_72.jpg,102,0,536,360,Dreamland
images/frame_74.jpg,102,0,536,360,Dreamland
images/frame_75.jpg,102,0,536,360,Dreamland
images/frame_76.jpg,102,0,536,360,Dreamland
images/frame_78.jpg,102,0,536,360,Dreamland
images/frame_79.jpg,102,0,536,360,Dreamland
images/frame_81.jpg,102,0,536,360,Dreamland
images/frame_83.jpg,102,0,536,360,Dreamland
images/frame_84.jpg,102,0,536,360,Dreamland
images/frame_85.jpg,102,0,536,360,Dreamland
images/frame_86.jpg,102,0,536,360,Dreamland
images/frame_88.jpg,102,0,536,360,Dreamland
images/frame_89.jpg,102,0,536,360,Dreamland
images/frame_90.jpg,102,0,536,360,Dreamland
images/frame_91.jpg,102,0,536,360,Dreamland
images/frame_92.jpg,102,0,536,360,Dreamland
images/frame_93.jpg,102,0,536,360,Dreamland
images/frame_94.jpg,102,0,536,360,Dreamland
images/frame_95.jpg,102,0,536,360,Dreamland
images/frame_96.jpg,102,0,536,360,Dreamland
images/frame_98.jpg,102,0,536,360,Dreamland
images/frame_99.jpg,102,0,536,360,Dreamland
images/frame_100.jpg,102,0,536,360,Dreamland
images/frame_101.jpg,102,0,536,360,Dreamland
images/frame_102.jpg,102,0,536,360,Dreamland
images/frame_103.jpg,102,0,536,360,Dreamland
images/frame_104.jpg,102,0,536,360,Dreamland
images/frame_105.jpg,102,0,536,360,Dreamland
images/frame_106.jpg,102,0,536,360,Dreamland
images/frame_107.jpg,102,0,536,360,Dreamland
images/frame_108.jpg,102,0,536,360,Dreamland
images/frame_109.jpg,102,0,536,360,Dreamland
images/frame_111.jpg,102,0,536,360,Dreamland
images/frame_113.jpg,102,0,536,360,Dreamland
images/frame_114.jpg,102,0,536,360,Dreamland
images/frame_117.jpg,102,0,536,360,Dreamland
images/frame_118.jpg,102,0,536,360,Dreamland
images/frame_120.jpg,102,0,536,360,Dreamland
images/frame_122.jpg,102,0,536,360,Dreamland
images/frame_123.jpg,102,0,536,360,Dreamland
images/frame_124.jpg,102,0,536,360,Dreamland
images/frame_125.jpg,102,0,536,360,Dreamland
images/frame_126.jpg,102,0,536,360,Dreamland
images/frame_127.jpg,102,0,536,360,Dreamland
images/frame_129.jpg,102,0,536,360,Dreamland
images/frame_130.jpg,102,0,536,360,Dreamland
images/frame_131.jpg,102,0,536,360,Dreamland
images/frame_132.jpg,102,0,536,360,Dreamland
images/frame_134.jpg,102,0,536,360,Dreamland
images/frame_135.jpg,102,0,536,360,Dreamland
images/frame_137.jpg,102,0,536,360,Dreamland
images/frame_138.jpg,102,0,536,360,Dreamland
images/frame_139.jpg,102,0,536,360,Dreamland
images/frame_140.jpg,102,0,536,360,Dreamland
images/frame_141.jpg,102,0,536,360,Dreamland
images/frame_142.jpg,102,0,536,360,Dreamland
images/frame_143.jpg,102,0,536,360,Dreamland
images/frame_145.jpg,102,0,536,360,Dreamland
images/frame_146.jpg,102,0,536,360,Dreamland
images/frame_147.jpg,102,0,536,360,Dreamland
images/frame_148.jpg,102,0,536,360,Dreamland
images/frame_152.jpg,102,0,536,360,Dreamland
images/frame_154.jpg,102,0,536,360,Dreamland
images/frame_156.jpg,102,0,536,360,Dreamland
images/frame_158.jpg,102,0,536,360,Dreamland
images/frame_159.jpg,102,0,536,360,Dreamland
images/frame_160.jpg,102,0,536,360,Dreamland
images/frame_161.jpg,102,0,536,360,Dreamland
images/frame_162.jpg,102,0,536,360,Dreamland
images/frame_164.jpg,102,0,536,360,Dreamland
images/frame_165.jpg,102,0,536,360,Dreamland
images/frame_167.jpg,102,0,536,360,Dreamland
images/frame_168.jpg,102,0,536,360,Dreamland
images/frame_169.jpg,102,0,536,360,Dreamland
images/frame_170.jpg,102,0,536,360,Dreamland
images/frame_171.jpg,102,0,536,360,Dreamland
images/frame_172.jpg,102,0,536,360,Dreamland
images/frame_174.jpg,102,0,536,360,Dreamland
images/frame_175.jpg,102,0,536,360,Dreamland
images/frame_177.jpg,102,0,536,360,Dreamland
images/frame_178.jpg,102,0,536,360,Dreamland
images/frame_179.jpg,102,0,536,360,Dreamland
images/frame_180.jpg,102,0,536,360,Dreamland
images/frame_181.jpg,102,0,536,360,Dreamland
images/frame_183.jpg,,,,,
images/frame_184.jpg,,,,,
images/frame_185.jpg,,,,,
images/frame_186.jpg,,,,,
images/frame_190.jpg,,,,,
images/frame_192.jpg,,,,,
images/frame_193.jpg,,,,,
images/frame_194.jpg,,,,,
images/frame_196.jpg,,,,,
images/frame_197.jpg,,,,,
images/frame_198.jpg,,,,,
images/frame_200.jpg,102,0,536,360,Final Destination
images/frame_201.jpg,102,0,536,360,Final Destination
images/frame_202.jpg,102,0,536,360,Final Destination
images/frame_203.jpg,102,0,536,360,Final Destination
images/frame_204.jpg,102,0,536,360,Final Destination
images/frame_209.jpg,102,0,536,360,Final Destination
images/frame_210.jpg,102,0,536,360,Final Destination
images/frame_211.jpg,102,0,536,360,Final Destination
images/frame_212.jpg,102,0,536,360,Final Destination
images/frame_214.jpg,102,0,536,360,Final Destination
images/frame_216.jpg,102,0,536,360,Final Destination
images/frame_217.jpg,102,0,536,360,Final Destination
images/frame_218.jpg,102,0,536,360,Final Destination
images/frame_219.jpg,102,0,536,360,Final Destination
images/frame_220.jpg,102,0,536,360,Final Destination
images/frame_221.jpg,102,0,536,360,Final Destination
images/frame_222.jpg,102,0,536,360,Final Destination
images/frame_223.jpg,102,0,536,360,Final Destination
images/frame_224.jpg,102,0,536,360,Final Destination
images/frame_225.jpg,102,0,536,360,Final Destination
images/frame_228.jpg,102,0,536,360,Final Destination
images/frame_229.jpg,102,0,536,360,Final Destination
images/frame_230.jpg,102,0,536,360,Final Destination
images/frame_231.jpg,102,0,536,360,Final Destination
images/frame_232.jpg,102,0,536,360,Final Destination
images/frame_233.jpg,102,0,536,360,Final Destination
images/frame_234.jpg,102,0,536,360,Final Destination
images/frame_235.jpg,102,0,536,360,Final Destination
images/frame_237.jpg,102,0,536,360,Final Destination
images/frame_238.jpg,102,0,536,360,Final Destination
images/frame_239.jpg,102,0,536,360,Final Destination
images/frame_240.jpg,102,0,536,360,Final Destination
images/frame_241.jpg,102,0,536,360,Final Destination
images/frame_242.jpg,102,0,536,360,Final Destination
images/frame_243.jpg,102,0,536,360,Final Destination
images/frame_244.jpg,102,0,536,360,Final Destination
images/frame_245.jpg,102,0,536,360,Final Destination
images/frame_246.jpg,102,0,536,360,Final Destination
images/frame_247.jpg,102,0,536,360,Final Destination
images/frame_249.jpg,102,0,536,360,Final Destination
images/frame_250.jpg,102,0,536,360,Final Destination
images/frame_254.jpg,102,0,536,360,Final Destination
images/frame_256.jpg,102,0,536,360,Final Destination
images/frame_257.jpg,102,0,536,360,Final Destination
images/frame_259.jpg,102,0,536,360,Final Destination
images/frame_260.jpg,102,0,536,360,Final Destination
images/frame_261.jpg,102,0,536,360,Final Destination
images/frame_262.jpg,102,0,536,360,Final Destination
images/frame_264.jpg,102,0,536,360,Final Destination
images/frame_265.jpg,102,0,536,360,Final Destination
images/frame_266.jpg,102,0,536,360,Final Destination
images/frame_267.jpg,102,0,536,360,Final Destination
images/frame_269.jpg,102,0,536,360,Final Destination
images/frame_270.jpg,102,0,536,360,Final Destination
images/frame_271.jpg,102,0,536,360,Final Destination
images/frame_272.jpg,102,0,536,360,Final Destination
images/frame_274.jpg,102,0,536,360,Final Destination
images/frame_276.jpg,102,0,536,360,Final Destination
images/frame_280.jpg,102,0,536,360,Final Destination
images/frame_281.jpg,102,0,536,360,Final Destination
images/frame_282.jpg,102,0,536,360,Final Destination
images/frame_283.jpg,102,0,536,360,Final Destination
images/frame_284.jpg,102,0,536,360,Final Destination
images/frame_286.jpg,102,0,536,360,Final Destination
images/frame_287.jpg,102,0,536,360,Final Destination
images/frame_288.jpg,102,0,536,360,Final Destination
images/frame_289.jpg,102,0,536,360,Final Destination
images/frame_291.jpg,102,0,536,360,Final Destination
images/frame_292.jpg,102,0,536,360,Final Destination
images/frame_293.jpg,102,0,536,360,Final Destination
images/frame_295.jpg,102,0,536,360,Final Destination
images/frame_296.jpg,102,0,536,360,Final Destination
images/frame_298.jpg,102,0,536,360,Final Destination
images/frame_299.jpg,102,0,536,360,Final Destination
images/frame_300.jpg,102,0,536,360,Final Destination
images/frame_301.jpg,102,0,536,360,Final Destination
images/frame_302.jpg,102,0,536,360,Final Destination
images/frame_303.jpg,102,0,536,360,Final Destination
images/frame_304.jpg,102,0,536,360,Final Destination
images/frame_305.jpg,102,0,536,360,Final Destination
images/frame_306.jpg,102,0,536,360,Final Destination
images/frame_307.jpg,102,0,536,360,Final Destination
images/frame_308.jpg,102,0,536,360,Final Destination
images/frame_310.jpg,102,0,536,360,Final Destination
images/frame_311.jpg,102,0,536,360,Final Destination
images/frame_312.jpg,102,0,536,360,Final Destination
images/frame_313.jpg,102,0,536,360,Final Destination
images/frame_315.jpg,102,0,536,360,Final Destination
images/frame_316.jpg,102,0,536,360,Final Destination
images/frame_317.jpg,102,0,536,360,Final Destination
images/frame_318.jpg,102,0,536,360,Final Destination
images/frame_322.jpg,102,0,536,360,Final Destination
images/frame_323.jpg,102,0,536,360,Final Destination
images/frame_324.jpg,102,0,536,360,Final Destination
images/frame_325.jpg,102,0,536,360,Final Destination
images/frame_326.jpg,102,0,536,360,Final Destination
images/frame_327.jpg,102,0,536,360,Final Destination
images/frame_331.jpg,102,0,536,360,Final Destination
images/frame_332.jpg,102,0,536,360,Final Destination
images/frame_333.jpg,102,0,536,360,Final Destination
images/frame_334.jpg,102,0,536,360,Final Destination
images/frame_339.jpg,102,0,536,360,Final Destination
images/frame_340.jpg,102,0,536,360,Final Destination
images/frame_342.jpg,102,0,536,360,Final Destination
images/frame_343.jpg,102,0,536,360,Final Destination
images/frame_344.jpg,102,0,536,360,Final Destination
images/frame_345.jpg,102,0,536,360,Final Destination
images/frame_346.jpg,102,0,536,360,Final Destination
images/frame_347.jpg,102,0,536,360,Final Destination
images/frame_349.jpg,102,0,536,360,Final Destination
images/frame_350.jpg,102,0,536,360,Final Destination
images/frame_352.jpg,102,0,536,360,Final Destination
images/frame_353.jpg,102,0,536,360,Final Destination
images/frame_354.jpg,102,0,536,360,Final Destination
images/frame_355.jpg,102,0,536,360,Final Destination
images/frame_356.jpg,102,0,536,360,Final Destination
images/frame_358.jpg,102,0,536,360,Final Destination
images/frame_360.jpg,102,0,536,360,Final Destination
images/frame_361.jpg,102,0,536,360,Final Destination
images/frame_362.jpg,102,0,536,360,Final Destination
images/frame_363.jpg,102,0,536,360,Final Destination
images/frame_364.jpg,102,0,536,360,Final Destination
images/frame_365.jpg,102,0,536,360,Final Destination
images/frame_366.jpg,,,,,
images/frame_368.jpg,,,,,
images/frame_370.jpg,,,,,
images/frame_371.jpg,,,,,
images/frame_372.jpg,,,,,
images/frame_373.jpg,,,,,
images/frame_374.jpg,,,,,
images/frame_375.jpg,,,,,
images/frame_376.jpg,,,,,
images/frame_377.jpg,,,,,
images/frame_379.jpg,,,,,
images/frame_380.jpg,,,,,
images/frame_382.jpg,,,,,
images/frame_383.jpg,102,0,536,360,Battlefield
images/frame_384.jpg,102,0,536,360,Battlefield
images/frame_385.jpg,102,0,536,360,Battlefield
images/frame_386.jpg,102,0,536,360,Battlefield
images/frame_387.jpg,102,0,536,360,Battlefield
images/frame_388.jpg,102,0,536,360,Battlefield
images/frame_389.jpg,102,0,536,360,Battlefield
images/frame_391.jpg,102,0,536,360,Battlefield
images/frame_392.jpg,102,0,536,360,Battlefield
images/frame_393.jpg,102,0,536,360,Battlefield
images/frame_394.jpg,102,0,536,360,Battlefield
images/frame_396.jpg,102,0,536,360,Battlefield
images/frame_397.jpg,102,0,536,360,Battlefield
images/frame_398.jpg,102,0,536,360,Battlefield
images/frame_399.jpg,102,0,536,360,Battlefield
images/frame_400.jpg,102,0,536,360,Battlefield
images/frame_401.jpg,102,0,536,360,Battlefield
images/frame_403.jpg,102,0,536,360,Battlefield
images/frame_404.jpg,102,0,536,360,Battlefield
images/frame_405.jpg,102,0,536,360,Battlefield
images/frame_406.jpg,102,0,536,360,Battlefield
images/frame_407.jpg,102,0,536,360,Battlefield
images/frame_408.jpg,102,0,536,360,Battlefield
images/frame_409.jpg,102,0,536,360,Battlefield
images/frame_411.jpg,102,0,536,360,Battlefield
images/frame_412.jpg,102,0,536,360,Battlefield
images/frame_413.jpg,102,0,536,360,Battlefield
images/frame_414.jpg,102,0,536,360,Battlefield
images/frame_415.jpg,102,0,536,360,Battlefield
images/frame_416.jpg,102,0,536,360,Battlefield
images/frame_417.jpg,102,0,536,360,Battlefield
images/frame_418.jpg,102,0,536,360,Battlefield
images/frame_419.jpg,102,0,536,360,Battlefield
images/frame_421.jpg,102,0,536,360,Battlefield
images/frame_422.jpg,102,0,536,360,Battlefield
images/frame_423.jpg,102,0,536,360,Battlefield
images/frame_426.jpg,102,0,536,360,Battlefield
images/frame_427.jpg,102,0,536,360,Battlefield
images/frame_430.jpg,102,0,536,360,Battlefield
images/frame_431.jpg,102,0,536,360,Battlefield
images/frame_432.jpg,102,0,536,360,Battlefield
images/frame_435.jpg,102,0,536,360,Battlefield
images/frame_436.jpg,102,0,536,360,Battlefield
images/frame_437.jpg,102,0,536,360,Battlefield
images/frame_438.jpg,102,0,536,360,Battlefield
images/frame_439.jpg,102,0,536,360,Battlefield
images/frame_440.jpg,102,0,536,360,Battlefield
images/frame_441.jpg,102,0,536,360,Battlefield
images/frame_443.jpg,102,0,536,360,Battlefield
images/frame_444.jpg,102,0,536,360,Battlefield
images/frame_446.jpg,102,0,536,360,Battlefield
images/frame_447.jpg,102,0,536,360,Battlefield
images/frame_448.jpg,102,0,536,360,Battlefield
images/frame_449.jpg,102,0,536,360,Battlefield
images/frame_452.jpg,102,0,536,360,Battlefield
images/frame_453.jpg,102,0,536,360,Battlefield
images/frame_454.jpg,102,0,536,360,Battlefield
images/frame_457.jpg,102,0,536,360,Battlefield
images/frame_459.jpg,102,0,536,360,Battlefield
images/frame_460.jpg,102,0,536,360,Battlefield
images/frame_461.jpg,102,0,536,360,Battlefield
images/frame_462.jpg,102,0,536,360,Battlefield
images/frame_463.jpg,102,0,536,360,Battlefield
images/frame_464.jpg,102,0,536,360,Battlefield
images/frame_465.jpg,102,0,536,360,Battlefield
images/frame_466.jpg,102,0,536,360,Battlefield
images/frame_467.jpg,102,0,536,360,Battlefield
images/frame_469.jpg,102,0,536,360,Battlefield
images/frame_470.jpg,102,0,536,360,Battlefield
images/frame_471.jpg,102,0,536,360,Battlefield
images/frame_472.jpg,102,0,536,360,Battlefield
images/frame_473.jpg,102,0,536,360,Battlefield
images/frame_474.jpg,102,0,536,360,Battlefield
images/frame_475.jpg,102,0,536,360,Battlefield
images/frame_477.jpg,102,0,536,360,Battlefield
images/frame_478.jpg,102,0,536,360,Battlefield
images/frame_479.jpg,102,0,536,360,Battlefield
images/frame_480.jpg,102,0,536,360,Battlefield
images/frame_483.jpg,102,0,536,360,Battlefield
images/frame_484.jpg,102,0,536,360,Battlefield
images/frame_486.jpg,102,0,536,360,Battlefield
images/frame_487.jpg,102,0,536,360,Battlefield
images/frame_491.jpg,102,0,536,360,Battlefield
images/frame_492.jpg,102,0,536,360,Battlefield
images/frame_493.jpg,102,0,536,360,Battlefield
images/frame_494.jpg,102,0,536,360,Battlefield
images/frame_495.jpg,102,0,536,360,Battlefield
images/frame_496.jpg,102,0,536,360,Battlefield
images/frame_497.jpg,102,0,536,360,Battlefield
images/frame_499.jpg,102,0,536,360,Battlefield
images/frame_500.jpg,102,0,536,360,Battlefield
images/frame_501.jpg,102,0,536,360,Battlefield
images/frame_502.jpg,102,0,536,360,Battlefield
images/frame_504.jpg,102,0,536,360,Battlefield
images/frame_505.jpg,102,0,536,360,Battlefield
images/frame_507.jpg,102,0,536,360,Battlefield
images/frame_510.jpg,102,0,536,360,Battlefield
images/frame_511.jpg,102,0,536,360,Battlefield
images/frame_514.jpg,102,0,536,360,Battlefield
images/frame_518.jpg,102,0,536,360,Battlefield
images/frame_519.jpg,102,0,536,360,Battlefield
images/frame_522.jpg,102,0,536,360,Battlefield
images/frame_523.jpg,102,0,536,360,Battlefield
images/frame_527.jpg,102,0,536,360,Battlefield
images/frame_528.jpg,102,0,536,360,Battlefield
images/frame_531.jpg,102,0,536,360,Battlefield
images/frame_532.jpg,102,0,536,360,Battlefield
images/frame_533.jpg,102,0,536,360,Battlefield
images/frame_538.jpg,102,0,536,360,Battlefield
images/frame_539.jpg,102,0,536,360,Battlefield
images/frame_541.jpg,102,0,536,360,Battlefield
images/frame_542.jpg,102,0,536,360,Battlefield
images/frame_543.jpg,102,0,536,360,Battlefield
images/frame_545.jpg,102,0,536,360,Battlefield
images/frame_546.jpg,102,0,536,360,Battlefield
images/frame_547.jpg,102,0,536,360,Battlefield
images/frame_548.jpg,102,0,536,360,Battlefield
images/frame_549.jpg,102,0,536,360,Battlefield
images/frame_551.jpg,102,0,536,360,Battlefield
images/frame_552.jpg,102,0,536,360,Battlefield
images/frame_553.jpg,102,0,536,360,Battlefield
images/frame_554.jpg,102,0,536,360,Battlefield
images/frame_555.jpg,102,0,536,360,Battlefield
images/frame_556.jpg,102,0,536,360,Battlefield
images/frame_557.jpg,102,0,536,360,Battlefield
images/frame_558.jpg,102,0,536,360,Battlefield
images/frame_559.jpg,,,,,
images/frame_560.jpg,,,,,
images/frame_561.jpg,,,,,
images/frame_562.jpg,,,,,
images/frame_563.jpg,,,,,
images/frame_564.jpg,102,0,536,360,Battlefield
images/frame_565.jpg,102,0,536,360,Battlefield
images/frame_566.jpg,102,0,536,360,Battlefield
images/frame_568.jpg,102,0,536,360,Battlefield
images/frame_569.jpg,102,0,536,360,Battlefield
images/frame_570.jpg,102,0,536,360,Battlefield
images/frame_571.jpg,,,,,
images/frame_572.jpg,,,,,
images/frame_573.jpg,,,,,
images/frame_574.jpg,,,,,
images/frame_575.jpg,,,,,
images/frame_576.jpg,,,,,
images/frame_577.jpg,,,,,
images/frame_578.jpg,,,,,
images/frame_580.jpg,,,,,
images/frame_581.jpg,,,,,
images/frame_582.jpg,,,,,
images/frame_583.jpg,,,,,
images/frame_584.jpg,,,,,
images/frame_585.jpg,102,0,536,360,Battlefield
images/frame_586.jpg,102,0,536,360,Battlefield
images/frame_587.jpg,102,0,536,360,Battlefield
images/frame_588.jpg,102,0,536,360,Battlefield
images/frame_589.jpg,102,0,536,360,Battlefield
images/frame_591.jpg,102,0,536,360,Battlefield
images/frame_592.jpg,102,0,536,360,Battlefield
images/frame_593.jpg,102,0,536,360,Battlefield
images/frame_594.jpg,102,0,536,360,Battlefield
images/frame_595.jpg,102,0,536,360,Battlefield
images/frame_596.jpg,102,0,536,360,Battlefield
images/frame_597.jpg,102,0,536,360,Battlefield
images/frame_598.jpg,102,0,536,360,Battlefield
images/frame_600.jpg,102,0,536,360,Battlefield
images/frame_601.jpg,102,0,536,360,Battlefield
images/frame_602.jpg,102,0,536,360,Battlefield
images/frame_603.jpg,102,0,536,360,Battlefield
images/frame_604.jpg,102,0,536,360,Battlefield
images/frame_605.jpg,102,0,536,360,Battlefield
images/frame_608.jpg,102,0,536,360,Battlefield
images/frame_610.jpg,102,0,536,360,Battlefield
images/frame_611.jpg,102,0,536,360,Battlefield
images/frame_612.jpg,102,0,536,360,Battlefield
images/frame_615.jpg,102,0,536,360,Battlefield
images/frame_617.jpg,102,0,536,360,Battlefield
images/frame_618.jpg,102,0,536,360,Battlefield
images/frame_620.jpg,102,0,536,360,Battlefield
images/frame_621.jpg,102,0,536,360,Battlefield
images/frame_623.jpg,102,0,536,360,Battlefield
images/frame_624.jpg,102,0,536,360,Battlefield
images/frame_626.jpg,102,0,536,360,Battlefield
images/frame_630.jpg,102,0,536,360,Battlefield
images/frame_632.jpg,102,0,536,360,Battlefield
images/frame_634.jpg,102,0,536,360,Battlefield
images/frame_636.jpg,102,0,536,360,Battlefield
images/frame_637.jpg,102,0,536,360,Battlefield
images/frame_638.jpg,102,0,536,360,Battlefield
images/frame_639.jpg,102,0,536,360,Battlefield
images/frame_640.jpg,102,0,536,360,Battlefield
images/frame_641.jpg,102,0,536,360,Battlefield
images/frame_645.jpg,102,0,536,360,Battlefield
images/frame_646.jpg,102,0,536,360,Battlefield
images/frame_647.jpg,102,0,536,360,Battlefield
images/frame_648.jpg,102,0,536,360,Battlefield
images/frame_649.jpg,102,0,536,360,Battlefield
images/frame_650.jpg,102,0,536,360,Battlefield
images/frame_654.jpg,102,0,536,360,Battlefield
images/frame_656.jpg,102,0,536,360,Battlefield
images/frame_657.jpg,102,0,536,360,Battlefield
images/frame_658.jpg,102,0,536,360,Battlefield
images/frame_659.jpg,102,0,536,360,Battlefield
images/frame_660.jpg,102,0,536,360,Battlefield
images/frame_661.jpg,102,0,536,360,Battlefield
images/frame_662.jpg,102,0,536,360,Battlefield
images/frame_665.jpg,102,0,536,360,Battlefield
images/frame_666.jpg,102,0,536,360,Battlefield
images/frame_667.jpg,102,0,536,360,Battlefield
images/frame_668.jpg,102,0,536,360,Battlefield
images/frame_669.jpg,102,0,536,360,Battlefield
images/frame_670.jpg,102,0,536,360,Battlefield
images/frame_671.jpg,102,0,536,360,Battlefield
images/frame_673.jpg,102,0,536,360,Battlefield
images/frame_674.jpg,102,0,536,360,Battlefield
images/frame_675.jpg,102,0,536,360,Battlefield
images/frame_676.jpg,102,0,536,360,Battlefield
images/frame_677.jpg,102,0,536,360,Battlefield
images/frame_678.jpg,102,0,536,360,Battlefield
images/frame_681.jpg,102,0,536,360,Battlefield
images/frame_683.jpg,102,0,536,360,Battlefield
images/frame_684.jpg,102,0,536,360,Battlefield
images/frame_686.jpg,102,0,536,360,Battlefield
images/frame_688.jpg,102,0,536,360,Battlefield
images/frame_689.jpg,102,0,536,360,Battlefield
images/frame_690.jpg,,,,,
images/frame_691.jpg,,,,,
images/frame_693.jpg,,,,,
images/frame_695.jpg,,,,,
images/frame_698.jpg,,,,,
images/frame_699.jpg,,,,,
images/frame_0.jpg,,,,,
images/frame_1.jpg,,,,,
images/frame_4.jpg,,,,,
images/frame_5.jpg,,,,,
images/frame_6.jpg,,,,,
images/frame_7.jpg,,,,,
images/frame_8.jpg,,,,,
images/frame_9.jpg,,,,,
images/frame_10.jpg,,,,,
images/frame_11.jpg,,,,,
images/frame_13.jpg,115,274,133,295,Fox_Red
images/frame_15.jpg,115,274,133,295,Fox_Red
images/frame_16.jpg,115,274,133,295,Fox_Red
images/frame_17.jpg,115,274,133,295,Fox_Red
images/frame_18.jpg,115,274,133,295,Fox_Red
images/frame_19.jpg,115,274,133,295,Fox_Red
images/frame_20.jpg,115,274,133,295,Fox_Red
images/frame_21.jpg,115,274,133,295,Fox_Red
images/frame_23.jpg,115,274,133,295,Fox_Red
images/frame_24.jpg,115,274,133,295,Fox_Red
images/frame_25.jpg,115,274,133,295,Fox_Red
images/frame_26.jpg,115,274,133,295,Fox_Red
images/frame_28.jpg,115,274,133,295,Fox_Red
images/frame_29.jpg,115,274,133,295,Fox_Red
images/frame_30.jpg,115,274,133,295,Fox_Red
images/frame_31.jpg,115,274,133,295,Fox_Red
images/frame_32.jpg,115,274,133,295,Fox_Red
images/frame_34.jpg,115,274,133,295,Fox_Red
images/frame_35.jpg,115,274,133,295,Fox_Red
images/frame_36.jpg,115,274,133,295,Fox_Red
images/frame_37.jpg,115,274,133,295,Fox_Red
images/frame_38.jpg,115,274,133,295,Fox_Red
images/frame_39.jpg,115,274,133,295,Fox_Red
images/frame_40.jpg,115,274,133,295,Fox_Red
images/frame_41.jpg,115,274,133,295,Fox_Red
images/frame_42.jpg,115,274,133,295,Fox_Red
images/frame_43.jpg,115,274,133,295,Fox_Red
images/frame_45.jpg,115,274,133,295,Fox_Red
images/frame_47.jpg,115,274,133,295,Fox_Red
images/frame_48.jpg,115,274,133,295,Fox_Red
images/frame_49.jpg,115,274,133,295,Fox_Red
images/frame_50.jpg,115,274,133,295,Fox_Red
images/frame_51.jpg,115,274,133,295,Fox_Red
images/frame_52.jpg,115,274,133,295,Fox_Red
images/frame_54.jpg,115,274,133,295,Fox_Red
images/frame_55.jpg,115,274,133,295,Fox_Red
images/frame_56.jpg,115,274,133,295,Fox_Red
images/frame_57.jpg,115,274,133,295,Fox_Red
images/frame_59.jpg,115,274,133,295,Fox_Red
images/frame_60.jpg,115,274,133,295,Fox_Red
images/frame_61.jpg,115,274,133,295,Fox_Red
images/frame_63.jpg,115,274,133,295,Fox_Red
images/frame_64.jpg,115,274,133,295,Fox_Red
images/frame_65.jpg,115,274,133,295,Fox_Red
images/frame_66.jpg,115,274,133,295,Fox_Red
images/frame_67.jpg,115,274,133,295,Fox_Red
images/frame_68.jpg,115,274,133,295,Fox_Red
images/frame_69.jpg,115,274,133,295,Fox_Red
images/frame_70.jpg,115,274,133,295,Fox_Red
images/frame_73.jpg,115,274,133,295,Fox_Red
images/frame_74.jpg,115,274,133,295,Fox_Red
images/frame_76.jpg,115,274,133,295,Fox_Red
images/frame_77.jpg,115,274,133,295,Fox_Red
images/frame_78.jpg,115,274,133,295,Fox_Red
images/frame_80.jpg,115,274,133,295,Fox_Red
images/frame_82.jpg,115,274,133,295,Fox_Red
images/frame_83.jpg,115,274,133,295,Fox_Red
images/frame_84.jpg,115,274,133,295,Fox_Red
images/frame_85.jpg,115,274,133,295,Fox_Red
images/frame_86.jpg,115,274,133,295,Fox_Red
images/frame_88.jpg,115,274,133,295,Fox_Red
images/frame_90.jpg,115,274,133,295,Fox_Red
images/frame_91.jpg,115,274,133,295,Fox_Red
images/frame_92.jpg,115,274,133,295,Fox_Red
images/frame_93.jpg,115,274,133,295,Fox_Red
images/frame_94.jpg,115,274,133,295,Fox_Red
images/frame_95.jpg,115,274,133,295,Fox_Red
images/frame_97.jpg,115,274,133,295,Fox_Red
images/frame_98.jpg,115,274,133,295,Fox_Red
images/frame_99.jpg,115,274,133,295,Fox_Red
images/frame_100.jpg,115,274,133,295,Fox_Red
images/frame_102.jpg,115,274,133,295,Fox_Red
images/frame_103.jpg,115,274,133,295,Fox_Red
images/frame_105.jpg,115,274,133,295,Fox_Red
images/frame_106.jpg,115,274,133,295,Fox_Red
images/frame_107.jpg,115,274,133,295,Fox_Red
images/frame_108.jpg,115,274,133,295,Fox_Red
images/frame_109.jpg,115,274,133,295,Fox_Red
images/frame_110.jpg,115,274,133,295,Fox_Red
images/frame_111.jpg,115,274,133,295,Fox_Red
images/frame_112.jpg,115,274,133,295,Fox_Red
images/frame_114.jpg,115,274,133,295,Fox_Red
images/frame_115.jpg,115,274,133,295,Fox_Red
images/frame_116.jpg,115,274,133,295,Fox_Red
images/frame_120.jpg,115,274,133,295,Fox_Red
images/frame_122.jpg,115,274,133,295,Fox_Red
images/frame_124.jpg,115,274,133,295,Fox_Red
images/frame_125.jpg,115,274,133,295,Fox_Red
images/frame_126.jpg,115,274,133,295,Fox_Red
images/frame_130.jpg,115,274,133,295,Fox_Red
images/frame_131.jpg,115,274,133,295,Fox_Red
images/frame_133.jpg,115,274,133,295,Fox_Red
images/frame_134.jpg,115,274,133,295,Fox_Red
images/frame_135.jpg,115,274,133,295,Fox_Red
images/frame_139.jpg,115,274,133,295,Fox_Red
images/frame_140.jpg,115,274,133,295,Fox_Red
images/frame_141.jpg,115,274,133,295,Fox_Red
images/frame_142.jpg,115,274,133,295,Fox_Red
images/frame_143.jpg,115,274,133,295,Fox_Red
images/frame_144.jpg,115,274,133,295,Fox_Red
images/frame_145.jpg,115,274,133,295,Fox_Red
images/frame_146.jpg,115,274,133,295,Fox_Red
images/frame_147.jpg,115,274,133,295,Fox_Red
images/frame_149.jpg,115,274,133,295,Fox_Red
images/frame_151.jpg,115,274,133,295,Fox_Red
images/frame_153.jpg,115,274,133,295,Fox_Red
images/frame_154.jpg,115,274,133,295,Fox_Red
images/frame_155.jpg,115,274,133,295,Fox_Red
images/frame_156.jpg,115,274,133,295,Fox_Red
images/frame_157.jpg,115,274,133,295,Fox_Red
images/frame_158.jpg,115,274,133,295,Fox_Red
images/frame_159.jpg,115,274,133,295,Fox_Red
images/frame_160.jpg,115,274,133,295,Fox_Red
images/frame_161.jpg,115,274,133,295,Fox_Red
images/frame_162.jpg,115,274,133,295,Fox_Red
images/frame_163.jpg,115,274,133,295,Fox_Red
images/frame_164.jpg,115,274,133,295,Fox_Red
images/frame_166.jpg,115,274,133,295,Fox_Red
images/frame_167.jpg,115,274,133,295,Fox_Red
images/frame_168.jpg,115,274,133,295,Fox_Red
images/frame_169.jpg,115,274,133,295,Fox_Red
images/frame_170.jpg,115,274,133,295,Fox_Red
images/frame_171.jpg,115,274,133,295,Fox_Red
images/frame_172.jpg,115,274,133,295,Fox_Red
images/frame_173.jpg,115,274,133,295,Fox_Red
images/frame_175.jpg,115,274,133,295,Fox_Red
images/frame_176.jpg,115,274,133,295,Fox_Red
images/frame_177.jpg,115,274,133,295,Fox_Red
images/frame_178.jpg,115,274,133,295,Fox_Red
images/frame_179.jpg,115,274,133,295,Fox_Red
images/frame_180.jpg,115,274,133,295,Fox_Red
images/frame_181.jpg,115,274,133,295,Fox_Red
images/frame_182.jpg,115,274,133,295,Fox_Red
images/frame_183.jpg,,,,,
images/frame_185.jpg,,,,,
images/frame_186.jpg,,,,,
images/frame_187.jpg,,,,,
images/frame_188.jpg,,,,,
images/frame_189.jpg,,,,,
images/frame_190.jpg,,,,,
images/frame_191.jpg,,,,,
images/frame_193.jpg,,,,,
images/frame_195.jpg,,,,,
images/frame_196.jpg,,,,,
images/frame_197.jpg,,,,,
images/frame_198.jpg,,,,,
images/frame_199.jpg,,,,,
images/frame_200.jpg,115,274,133,295,Fox_Red
images/frame_202.jpg,115,274,133,295,Fox_Red
images/frame_204.jpg,115,274,133,295,Fox_Red
images/frame_205.jpg,115,274,133,295,Fox_Red
images/frame_208.jpg,115,274,133,295,Fox_Red
images/frame_209.jpg,115,274,133,295,Fox_Red
images/frame_211.jpg,115,274,133,295,Fox_Red
images/frame_213.jpg,115,274,133,295,Fox_Red
images/frame_215.jpg,115,274,133,295,Fox_Red
images/frame_216.jpg,115,274,133,295,Fox_Red
images/frame_219.jpg,115,274,133,295,Fox_Red
images/frame_220.jpg,115,274,133,295,Fox_Red
images/frame_221.jpg,115,274,133,295,Fox_Red
images/frame_222.jpg,115,274,133,295,Fox_Red
images/frame_223.jpg,115,274,133,295,Fox_Red
images/frame_224.jpg,115,274,133,295,Fox_Red
images/frame_225.jpg,115,274,133,295,Fox_Red
images/frame_226.jpg,115,274,133,295,Fox_Red
images/frame_227.jpg,115,274,133,295,Fox_Red
images/frame_229.jpg,115,274,133,295,Fox_Red
images/frame_230.jpg,115,274,133,295,Fox_Red
images/frame_231.jpg,115,274,133,295,Fox_Red
images/frame_235.jpg,115,274,133,295,Fox_Red
images/frame_236.jpg,115,274,133,295,Fox_Red
images/frame_238.jpg,115,274,133,295,Fox_Red
images/frame_239.jpg,115,274,133,295,Fox_Red
images/frame_240.jpg,115,274,133,295,Fox_Red
images/frame_241.jpg,115,274,133,295,Fox_Red
images/frame_243.jpg,115,274,133,295,Fox_Red
images/frame_244.jpg,115,274,133,295,Fox_Red
images/frame_247.jpg,115,274,133,295,Fox_Red
images/frame_249.jpg,115,274,133,295,Fox_Red
images/frame_250.jpg,115,274,133,295,Fox_Red
images/frame_251.jpg,115,274,133,295,Fox_Red
images/frame_252.jpg,115,274,133,295,Fox_Red
images/frame_254.jpg,115,274,133,295,Fox_Red
images/frame_255.jpg,115,274,133,295,Fox_Red
images/frame_258.jpg,115,274,133,295,Fox_Red
images/frame_259.jpg,115,274,133,295,Fox_Red
images/frame_260.jpg,115,274,133,295,Fox_Red
images/frame_261.jpg,115,274,133,295,Fox_Red
images/frame_262.jpg,115,274,133,295,Fox_Red
images/frame_263.jpg,115,274,133,295,Fox_Red
images/frame_264.jpg,115,274,133,295,Fox_Red
images/frame_265.jpg,115,274,133,295,Fox_Red
images/frame_266.jpg,115,274,133,295,Fox_Red
images/frame_267.jpg,115,274,133,295,Fox_Red
images/frame_268.jpg,115,274,133,295,Fox_Red
images/frame_270.jpg,115,274,133,295,Fox_Red
images/frame_271.jpg,115,274,133,295,Fox_Red
images/frame_272.jpg,115,274,133,295,Fox_Red
images/frame_274.jpg,115,274,133,295,Fox_Red
images/frame_275.jpg,115,274,133,295,Fox_Red
images/frame_276.jpg,115,274,133,295,Fox_Red
images/frame_277.jpg,115,274,133,295,Fox_Red
images/frame_278.jpg,115,274,133,295,Fox_Red
images/frame_279.jpg,115,274,133,295,Fox_Red
images/frame_280.jpg,115,274,133,295,Fox_Red
images/frame_282.jpg,115,274,133,295,Fox_Red
images/frame_284.jpg,115,274,133,295,Fox_Red
images/frame_286.jpg,115,274,133,295,Fox_Red
images/frame_289.jpg,115,274,133,295,Fox_Red
images/frame_290.jpg,115,274,133,295,Fox_Red
images/frame_291.jpg,115,274,133,295,Fox_Red
images/frame_292.jpg,115,274,133,295,Fox_Red
images/frame_294.jpg,115,274,133,295,Fox_Red
images/frame_295.jpg,115,274,133,295,Fox_Red
images/frame_296.jpg,115,274,133,295,Fox_Red
images/frame_298.jpg,115,274,133,295,Fox_Red
images/frame_299.jpg,115,274,133,295,Fox_Red
images/frame_300.jpg,115,274,133,295,Fox_Red
images/frame_301.jpg,115,274,133,295,Fox_Red
images/frame_302.jpg,115,274,133,295,Fox_Red
images/frame_303.jpg,115,274,133,295,Fox_Red
images/frame_305.jpg,115,274,133,295,Fox_Red
images/frame_307.jpg,115,274,133,295,Fox_Red
images/frame_308.jpg,115,274,133,295,Fox_Red
images/frame_309.jpg,115,274,133,295,Fox_Red
images/frame_314.jpg,115,274,133,295,Fox_Red
images/frame_316.jpg,115,274,133,295,Fox_Red
images/frame_317.jpg,115,274,133,295,Fox_Red
images/frame_318.jpg,115,274,133,295,Fox_Red
images/frame_319.jpg,115,274,133,295,Fox_Red
images/frame_320.jpg,115,274,133,295,Fox_Red
images/frame_321.jpg,115,274,133,295,Fox_Red
images/frame_323.jpg,115,274,133,295,Fox_Red
images/frame_324.jpg,115,274,133,295,Fox_Red
images/frame_325.jpg,115,274,133,295,Fox_Red
images/frame_326.jpg,115,274,133,295,Fox_Red
images/frame_327.jpg,115,274,133,295,Fox_Red
images/frame_329.jpg,115,274,133,295,Fox_Red
images/frame_330.jpg,115,274,133,295,Fox_Red
images/frame_332.jpg,115,274,133,295,Fox_Red
images/frame_333.jpg,115,274,133,295,Fox_Red
images/frame_334.jpg,115,274,133,295,Fox_Red
images/frame_337.jpg,115,274,133,295,Fox_Red
images/frame_338.jpg,115,274,133,295,Fox_Red
images/frame_339.jpg,115,274,133,295,Fox_Red
images/frame_340.jpg,115,274,133,295,Fox_Red
images/frame_341.jpg,115,274,133,295,Fox_Red
images/frame_342.jpg,115,274,133,295,Fox_Red
images/frame_343.jpg,115,274,133,295,Fox_Red
images/frame_344.jpg,115,274,133,295,Fox_Red
images/frame_345.jpg,115,274,133,295,Fox_Red
images/frame_347.jpg,115,274,133,295,Fox_Red
images/frame_348.jpg,115,274,133,295,Fox_Red
images/frame_349.jpg,115,274,133,295,Fox_Red
images/frame_350.jpg,115,274,133,295,Fox_Red
images/frame_351.jpg,115,274,133,295,Fox_Red
images/frame_352.jpg,115,274,133,295,Fox_Red
images/frame_353.jpg,115,274,133,295,Fox_Red
images/frame_354.jpg,115,274,133,295,Fox_Red
images/frame_355.jpg,115,274,133,295,Fox_Red
images/frame_357.jpg,115,274,133,295,Fox_Red
images/frame_358.jpg,115,274,133,295,Fox_Red
images/frame_359.jpg,115,274,133,295,Fox_Red
images/frame_360.jpg,115,274,133,295,Fox_Red
images/frame_361.jpg,115,274,133,295,Fox_Red
images/frame_362.jpg,115,274,133,295,Fox_Red
images/frame_363.jpg,115,274,133,295,Fox_Red
images/frame_364.jpg,115,274,133,295,Fox_Red
images/frame_366.jpg,,,,,
images/frame_367.jpg,,,,,
images/frame_368.jpg,,,,,
images/frame_369.jpg,,,,,
images/frame_370.jpg,,,,,
images/frame_371.jpg,,,,,
images/frame_373.jpg,,,,,
images/frame_374.jpg,,,,,
images/frame_376.jpg,,,,,
images/frame_379.jpg,,,,,
images/frame_380.jpg,,,,,
images/frame_381.jpg,,,,,
images/frame_384.jpg,115,274,133,295,Fox_Red
images/frame_385.jpg,115,274,133,295,Fox_Red
images/frame_386.jpg,115,274,133,295,Fox_Red
images/frame_387.jpg,115,274,133,295,Fox_Red
images/frame_388.jpg,115,274,133,295,Fox_Red
images/frame_389.jpg,115,274,133,295,Fox_Red
images/frame_390.jpg,115,274,133,295,Fox_Red
images/frame_391.jpg,115,274,133,295,Fox_Red
images/frame_392.jpg,115,274,133,295,Fox_Red
images/frame_393.jpg,115,274,133,295,Fox_Red
images/frame_394.jpg,115,274,133,295,Fox_Red
images/frame_395.jpg,115,274,133,295,Fox_Red
images/frame_397.jpg,115,274,133,295,Fox_Red
images/frame_398.jpg,115,274,133,295,Fox_Red
images/frame_400.jpg,115,274,133,295,Fox_Red
images/frame_401.jpg,115,274,133,295,Fox_Red
images/frame_403.jpg,115,274,133,295,Fox_Red
images/frame_404.jpg,115,274,133,295,Fox_Red
images/frame_405.jpg,115,274,133,295,Fox_Red
images/frame_407.jpg,115,274,133,295,Fox_Red
images/frame_408.jpg,115,274,133,295,Fox_Red
images/frame_409.jpg,115,274,133,295,Fox_Red
images/frame_410.jpg,115,274,133,295,Fox_Red
images/frame_411.jpg,115,274,133,295,Fox_Red
images/frame_412.jpg,115,274,133,295,Fox_Red
images/frame_414.jpg,115,274,133,295,Fox_Red
images/frame_415.jpg,115,274,133,295,Fox_Red
images/frame_418.jpg,115,274,133,295,Fox_Red
images/frame_419.jpg,115,274,133,295,Fox_Red
images/frame_420.jpg,115,274,133,295,Fox_Red
images/frame_423.jpg,115,274,133,295,Fox_Red
images/frame_424.jpg,115,274,133,295,Fox_Red
images/frame_425.jpg,115,274,133,295,Fox_Red
images/frame_427.jpg,115,274,133,295,Fox_Red
images/frame_428.jpg,115,274,133,295,Fox_Red
images/frame_429.jpg,115,274,133,295,Fox_Red
images/frame_431.jpg,115,274,133,295,Fox_Red
images/frame_432.jpg,115,274,133,295,Fox_Red
images/frame_433.jpg,115,274,133,295,Fox_Red
images/frame_434.jpg,115,274,133,295,Fox_Red
images/frame_435.jpg,115,274,133,295,Fox_Red
images/frame_436.jpg,115,274,133,295,Fox_Red
images/frame_437.jpg,115,274,133,295,Fox_Red
images/frame_438.jpg,115,274,133,295,Fox_Red
images/frame_440.jpg,115,274,133,295,Fox_Red
images/frame_441.jpg,115,274,133,295,Fox_Red
images/frame_444.jpg,115,274,133,295,Fox_Red
images/frame_445.jpg,115,274,133,295,Fox_Red
images/frame_448.jpg,115,274,133,295,Fox_Red
images/frame_449.jpg,115,274,133,295,Fox_Red
images/frame_450.jpg,115,274,133,295,Fox_Red
images/frame_451.jpg,115,274,133,295,Fox_Red
images/frame_452.jpg,115,274,133,295,Fox_Red
images/frame_453.jpg,115,274,133,295,Fox_Red
images/frame_454.jpg,115,274,133,295,Fox_Red
images/frame_455.jpg,115,274,133,295,Fox_Red
images/frame_457.jpg,115,274,133,295,Fox_Red
images/frame_458.jpg,115,274,133,295,Fox_Red
images/frame_460.jpg,115,274,133,295,Fox_Red
images/frame_461.jpg,115,274,133,295,Fox_Red
images/frame_462.jpg,115,274,133,295,Fox_Red
images/frame_463.jpg,115,274,133,295,Fox_Red
images/frame_464.jpg,115,274,133,295,Fox_Red
images/frame_465.jpg,115,274,133,295,Fox_Red
images/frame_466.jpg,115,274,133,295,Fox_Red
images/frame_468.jpg,115,274,133,295,Fox_Red
images/frame_470.jpg,115,274,133,295,Fox_Red
images/frame_471.jpg,115,274,133,295,Fox_Red
images/frame_472.jpg,115,274,133,295,Fox_Red
images/frame_474.jpg,115,274,133,295,Fox_Red
images/frame_475.jpg,115,274,133,295,Fox_Red
images/frame_477.jpg,115,274,133,295,Fox_Red
images/frame_478.jpg,115,274,133,295,Fox_Red
images/frame_479.jpg,115,274,133,295,Fox_Red
images/frame_480.jpg,115,274,133,295,Fox_Red
images/frame_481.jpg,115,274,133,295,Fox_Red
images/frame_482.jpg,115,274,133,295,Fox_Red
images/frame_487.jpg,115,274,133,295,Fox_Red
images/frame_488.jpg,115,274,133,295,Fox_Red
images/frame_491.jpg,115,274,133,295,Fox_Red
images/frame_492.jpg,115,274,133,295,Fox_Red
images/frame_493.jpg,115,274,133,295,Fox_Red
images/frame_494.jpg,115,274,133,295,Fox_Red
images/frame_496.jpg,115,274,133,295,Fox_Red
images/frame_497.jpg,115,274,133,295,Fox_Red
images/frame_498.jpg,115,274,133,295,Fox_Red
images/frame_501.jpg,115,274,133,295,Fox_Red
images/frame_502.jpg,115,274,133,295,Fox_Red
images/frame_503.jpg,115,274,133,295,Fox_Red
images/frame_504.jpg,115,274,133,295,Fox_Red
images/frame_505.jpg,115,274,133,295,Fox_Red
images/frame_506.jpg,115,274,133,295,Fox_Red
images/frame_507.jpg,115,274,133,295,Fox_Red
images/frame_508.jpg,115,274,133,295,Fox_Red
images/frame_509.jpg,115,274,133,295,Fox_Red
images/frame_510.jpg,115,274,133,295,Fox_Red
images/frame_511.jpg,115,274,133,295,Fox_Red
images/frame_512.jpg,115,274,133,295,Fox_Red
images/frame_513.jpg,115,274,133,295,Fox_Red
images/frame_514.jpg,115,274,133,295,Fox_Red
images/frame_515.jpg,115,274,133,295,Fox_Red
images/frame_516.jpg,115,274,133,295,Fox_Red
images/frame_517.jpg,115,274,133,295,Fox_Red
images/frame_518.jpg,115,274,133,295,Fox_Red
images/frame_519.jpg,115,274,133,295,Fox_Red
images/frame_520.jpg,115,274,133,295,Fox_Red
images/frame_521.jpg,115,274,133,295,Fox_Red
images/frame_522.jpg,115,274,133,295,Fox_Red
images/frame_524.jpg,115,274,133,295,Fox_Red
images/frame_525.jpg,115,274,133,295,Fox_Red
images/frame_526.jpg,115,274,133,295,Fox_Red
images/frame_528.jpg,115,274,133,295,Fox_Red
images/frame_529.jpg,115,274,133,295,Fox_Red
images/frame_531.jpg,115,274,133,295,Fox_Red
images/frame_532.jpg,115,274,133,295,Fox_Red
images/frame_533.jpg,115,274,133,295,Fox_Red
images/frame_534.jpg,115,274,133,295,Fox_Red
images/frame_535.jpg,115,274,133,295,Fox_Red
images/frame_536.jpg,115,274,133,295,Fox_Red
images/frame_537.jpg,115,274,133,295,Fox_Red
images/frame_538.jpg,115,274,133,295,Fox_Red
images/frame_539.jpg,115,274,133,295,Fox_Red
images/frame_540.jpg,115,274,133,295,Fox_Red
images/frame_541.jpg,115,274,133,295,Fox_Red
images/frame_542.jpg,115,274,133,295,Fox_Red
images/frame_543.jpg,115,274,133,295,Fox_Red
images/frame_544.jpg,115,274,133,295,Fox_Red
images/frame_545.jpg,115,274,133,295,Fox_Red
images/frame_547.jpg,115,274,133,295,Fox_Red
images/frame_548.jpg,115,274,133,295,Fox_Red
images/frame_550.jpg,115,274,133,295,Fox_Red
images/frame_551.jpg,115,274,133,295,Fox_Red
images/frame_552.jpg,115,274,133,295,Fox_Red
images/frame_553.jpg,115,274,133,295,Fox_Red
images/frame_554.jpg,115,274,133,295,Fox_Red
images/frame_556.jpg,115,274,133,295,Fox_Red
images/frame_557.jpg,115,274,133,295,Fox_Red
images/frame_558.jpg,115,274,133,295,Fox_Red
images/frame_560.jpg,,,,,
images/frame_564.jpg,115,274,133,295,Fox_Red
images/frame_565.jpg,115,274,133,295,Fox_Red
images/frame_566.jpg,115,274,133,295,Fox_Red
images/frame_567.jpg,115,274,133,295,Fox_Red
images/frame_568.jpg,115,274,133,295,Fox_Red
images/frame_569.jpg,115,274,133,295,Fox_Red
images/frame_571.jpg,,,,,
images/frame_572.jpg,,,,,
images/frame_573.jpg,,,,,
images/frame_575.jpg,,,,,
images/frame_576.jpg,,,,,
images/frame_577.jpg,,,,,
images/frame_578.jpg,,,,,
images/frame_579.jpg,,,,,
images/frame_580.jpg,,,,,
images/frame_581.jpg,,,,,
images/frame_587.jpg,115,274,133,295,Fox_Red
images/frame_588.jpg,115,274,133,295,Fox_Red
images/frame_589.jpg,115,274,133,295,Fox_Red
images/frame_590.jpg,115,274,133,295,Fox_Red
images/frame_591.jpg,115,274,133,295,Fox_Red
images/frame_592.jpg,115,274,133,295,Fox_Red
images/frame_595.jpg,115,274,133,295,Fox_Red
images/frame_596.jpg,115,274,133,295,Fox_Red
images/frame_599.jpg,115,274,133,295,Fox_Red
images/frame_602.jpg,115,274,133,295,Fox_Red
images/frame_603.jpg,115,274,133,295,Fox_Red
images/frame_605.jpg,115,274,133,295,Fox_Red
images/frame_606.jpg,115,274,133,295,Fox_Red
images/frame_607.jpg,115,274,133,295,Fox_Red
images/frame_609.jpg,115,274,133,295,Fox_Red
images/frame_611.jpg,115,274,133,295,Fox_Red
images/frame_612.jpg,115,274,133,295,Fox_Red
images/frame_613.jpg,115,274,133,295,Fox_Red
images/frame_615.jpg,115,274,133,295,Fox_Red
images/frame_616.jpg,115,274,133,295,Fox_Red
images/frame_617.jpg,115,274,133,295,Fox_Red
images/frame_620.jpg,115,274,133,295,Fox_Red
images/frame_621.jpg,115,274,133,295,Fox_Red
images/frame_624.jpg,115,274,133,295,Fox_Red
images/frame_625.jpg,115,274,133,295,Fox_Red
images/frame_626.jpg,115,274,133,295,Fox_Red
images/frame_628.jpg,115,274,133,295,Fox_Red
images/frame_629.jpg,115,274,133,295,Fox_Red
images/frame_630.jpg,115,274,133,295,Fox_Red
images/frame_631.jpg,115,274,133,295,Fox_Red
images/frame_632.jpg,115,274,133,295,Fox_Red
images/frame_633.jpg,115,274,133,295,Fox_Red
images/frame_634.jpg,115,274,133,295,Fox_Red
images/frame_635.jpg,115,274,133,295,Fox_Red
images/frame_636.jpg,115,274,133,295,Fox_Red
images/frame_637.jpg,115,274,133,295,Fox_Red
images/frame_638.jpg,115,274,133,295,Fox_Red
images/frame_641.jpg,115,274,133,295,Fox_Red
images/frame_642.jpg,115,274,133,295,Fox_Red
images/frame_645.jpg,115,274,133,295,Fox_Red
images/frame_647.jpg,115,274,133,295,Fox_Red
images/frame_648.jpg,115,274,133,295,Fox_Red
images/frame_649.jpg,115,274,133,295,Fox_Red
images/frame_650.jpg,115,274,133,295,Fox_Red
images/frame_652.jpg,115,274,133,295,Fox_Red
images/frame_654.jpg,115,274,133,295,Fox_Red
images/frame_655.jpg,115,274,133,295,Fox_Red
images/frame_656.jpg,115,274,133,295,Fox_Red
images/frame_657.jpg,115,274,133,295,Fox_Red
images/frame_659.jpg,115,274,133,295,Fox_Red
images/frame_660.jpg,115,274,133,295,Fox_Red
images/frame_661.jpg,115,274,133,295,Fox_Red
images/frame_662.jpg,115,274,133,295,Fox_Red
images/frame_665.jpg,115,274,133,295,Fox_Red
images/frame_666.jpg,115,274,133,295,Fox_Red
images/frame_667.jpg,115,274,133,295,Fox_Red
images/frame_668.jpg,115,274,133,295,Fox_Red
images/frame_669.jpg,115,274,133,295,Fox_Red
images/frame_670.jpg,115,274,133,295,Fox_Red
images/frame_671.jpg,115,274,133,295,Fox_Red
images/frame_672.jpg,115,274,133,295,Fox_Red
images/frame_673.jpg,115,274,133,295,Fox_Red
images/frame_674.jpg,115,274,133,295,Fox_Red
images/frame_675.jpg,115,274,133,295,Fox_Red
images/frame_678.jpg,115,274,133,295,Fox_Red
images/frame_681.jpg,115,274,133,295,Fox_Red
images/frame_682.jpg,115,274,133,295,Fox_Red
images/frame_683.jpg,115,274,133,295,Fox_Red
images/frame_684.jpg,115,274,133,295,Fox_Red
images/frame_685.jpg,115,274,133,295,Fox_Red
images/frame_686.jpg,115,274,133,295,Fox_Red
images/frame_687.jpg,115,274,133,295,Fox_Red
images/frame_689.jpg,115,274,133,295,Fox_Red
images/frame_690.jpg,,,,,
images/frame_692.jpg,,,,,
images/frame_694.jpg,,,,,
images/frame_695.jpg,,,,,
images/frame_696.jpg,,,,,
images/frame_698.jpg,,,,,
images/frame_0.jpg,,,,,
images/frame_3.jpg,,,,,
images/frame_4.jpg,,,,,
images/frame_5.jpg,,,,,
images/frame_7.jpg,,,,,
images/frame_8.jpg,,,,,
images/frame_9.jpg,,,,,
images/frame_10.jpg,,,,,
images/frame_11.jpg,,,,,
images/frame_12.jpg,324,274,343,295,Fox_Original
images/frame_13.jpg,324,274,343,295,Fox_Original
images/frame_14.jpg,324,274,343,295,Fox_Original
images/frame_15.jpg,324,274,343,295,Fox_Original
images/frame_16.jpg,324,274,343,295,Fox_Original
images/frame_17.jpg,324,274,343,295,Fox_Original
images/frame_18.jpg,324,274,343,295,Fox_Original
images/frame_20.jpg,324,274,343,295,Fox_Original
images/frame_21.jpg,324,274,343,295,Fox_Original
images/frame_22.jpg,324,274,343,295,Fox_Original
images/frame_24.jpg,324,274,343,295,Fox_Original
images/frame_25.jpg,324,274,343,295,Fox_Original
images/frame_26.jpg,324,274,343,295,Fox_Original
images/frame_27.jpg,324,274,343,295,Fox_Original
images/frame_28.jpg,324,274,343,295,Fox_Original
images/frame_30.jpg,324,274,343,295,Fox_Original
images/frame_31.jpg,324,274,343,295,Fox_Original
images/frame_32.jpg,324,274,343,295,Fox_Original
images/frame_33.jpg,324,274,343,295,Fox_Original
images/frame_34.jpg,324,274,343,295,Fox_Original
images/frame_35.jpg,324,274,343,295,Fox_Original
images/frame_36.jpg,324,274,343,295,Fox_Original
images/frame_37.jpg,324,274,343,295,Fox_Original
images/frame_40.jpg,324,274,343,295,Fox_Original
images/frame_41.jpg,324,274,343,295,Fox_Original
images/frame_42.jpg,324,274,343,295,Fox_Original
images/frame_43.jpg,324,274,343,295,Fox_Original
images/frame_46.jpg,324,274,343,295,Fox_Original
images/frame_47.jpg,324,274,343,295,Fox_Original
images/frame_48.jpg,324,274,343,295,Fox_Original
images/frame_49.jpg,324,274,343,295,Fox_Original
images/frame_50.jpg,324,274,343,295,Fox_Original
images/frame_51.jpg,324,274,343,295,Fox_Original
images/frame_52.jpg,324,274,343,295,Fox_Original
images/frame_53.jpg,324,274,343,295,Fox_Original
images/frame_54.jpg,324,274,343,295,Fox_Original
images/frame_57.jpg,324,274,343,295,Fox_Original
images/frame_59.jpg,324,274,343,295,Fox_Original
images/frame_61.jpg,324,274,343,295,Fox_Original
images/frame_63.jpg,324,274,343,295,Fox_Original
images/frame_64.jpg,324,274,343,295,Fox_Original
images/frame_65.jpg,324,274,343,295,Fox_Original
images/frame_67.jpg,324,274,343,295,Fox_Original
images/frame_68.jpg,324,274,343,295,Fox_Original
images/frame_69.jpg,324,274,343,295,Fox_Original
images/frame_71.jpg,324,274,343,295,Fox_Original
images/frame_72.jpg,324,274,343,295,Fox_Original
images/frame_74.jpg,324,274,343,295,Fox_Original
images/frame_75.jpg,324,274,343,295,Fox_Original
images/frame_77.jpg,324,274,343,295,Fox_Original
images/frame_79.jpg,324,274,343,295,Fox_Original
images/frame_80.jpg,324,274,343,295,Fox_Original
images/frame_81.jpg,324,274,343,295,Fox_Original
images/frame_83.jpg,324,274,343,295,Fox_Original
images/frame_84.jpg,324,274,343,295,Fox_Original
images/frame_85.jpg,324,274,343,295,Fox_Original
images/frame_90.jpg,324,274,343,295,Fox_Original
images/frame_91.jpg,324,274,343,295,Fox_Original
images/frame_92.jpg,324,274,343,295,Fox_Original
images/frame_93.jpg,324,274,343,295,Fox_Original
images/frame_94.jpg,324,274,343,295,Fox_Original
images/frame_95.jpg,324,274,343,295,Fox_Original
images/frame_96.jpg,324,274,343,295,Fox_Original
images/frame_97.jpg,324,274,343,295,Fox_Original
images/frame_98.jpg,324,274,343,295,Fox_Original
images/frame_100.jpg,324,274,343,295,Fox_Original
images/frame_102.jpg,324,274,343,295,Fox_Original
images/frame_103.jpg,324,274,343,295,Fox_Original
images/frame_104.jpg,324,274,343,295,Fox_Original
images/frame_105.jpg,324,274,343,295,Fox_Original
images/frame_107.jpg,324,274,343,295,Fox_Original
images/frame_108.jpg,324,274,343,295,Fox_Original
images/frame_109.jpg,324,274,343,295,Fox_Original
images/frame_110.jpg,324,274,343,295,Fox_Original
images/frame_114.jpg,324,274,343,295,Fox_Original
images/frame_115.jpg,324,274,343,295,Fox_Original
images/frame_116.jpg,324,274,343,295,Fox_Original
images/frame_117.jpg,324,274,343,295,Fox_Original
images/frame_119.jpg,324,274,343,295,Fox_Original
images/frame_120.jpg,324,274,343,295,Fox_Original
images/frame_124.jpg,324,274,343,295,Fox_Original
images/frame_125.jpg,324,274,343,295,Fox_Original
images/frame_127.jpg,324,274,343,295,Fox_Original
images/frame_128.jpg,324,274,343,295,Fox_Original
images/frame_130.jpg,324,274,343,295,Fox_Original
images/frame_131.jpg,324,274,343,295,Fox_Original
images/frame_132.jpg,324,274,343,295,Fox_Original
images/frame_133.jpg,324,274,343,295,Fox_Original
images/frame_134.jpg,324,274,343,295,Fox_Original
images/frame_135.jpg,324,274,343,295,Fox_Original
images/frame_136.jpg,324,274,343,295,Fox_Original
images/frame_137.jpg,324,274,343,295,Fox_Original
images/frame_138.jpg,324,274,343,295,Fox_Original
images/frame_141.jpg,324,274,343,295,Fox_Original
images/frame_142.jpg,324,274,343,295,Fox_Original
images/frame_143.jpg,324,274,343,295,Fox_Original
images/frame_144.jpg,324,274,343,295,Fox_Original
images/frame_145.jpg,324,274,343,295,Fox_Original
images/frame_146.jpg,324,274,343,295,Fox_Original
images/frame_147.jpg,324,274,343,295,Fox_Original
images/frame_150.jpg,324,274,343,295,Fox_Original
images/frame_151.jpg,324,274,343,295,Fox_Original
images/frame_152.jpg,324,274,343,295,Fox_Original
images/frame_153.jpg,324,274,343,295,Fox_Original
images/frame_154.jpg,324,274,343,295,Fox_Original
images/frame_156.jpg,324,274,343,295,Fox_Original
images/frame_157.jpg,324,274,343,295,Fox_Original
images/frame_158.jpg,324,274,343,295,Fox_Original
images/frame_159.jpg,324,274,343,295,Fox_Original
images/frame_160.jpg,324,274,343,295,Fox_Original
images/frame_161.jpg,324,274,343,295,Fox_Original
images/frame_162.jpg,324,274,343,295,Fox_Original
images/frame_163.jpg,324,274,343,295,Fox_Original
images/frame_165.jpg,324,274,343,295,Fox_Original
images/frame_166.jpg,324,274,343,295,Fox_Original
images/frame_167.jpg,324,274,343,295,Fox_Original
images/frame_168.jpg,324,274,343,295,Fox_Original
images/frame_171.jpg,324,274,343,295,Fox_Original
images/frame_172.jpg,324,274,343,295,Fox_Original
images/frame_174.jpg,324,274,343,295,Fox_Original
images/frame_176.jpg,324,274,343,295,Fox_Original
images/frame_177.jpg,324,274,343,295,Fox_Original
images/frame_178.jpg,324,274,343,295,Fox_Original
images/frame_180.jpg,324,274,343,295,Fox_Original
images/frame_181.jpg,324,274,343,295,Fox_Original
images/frame_182.jpg,324,274,343,295,Fox_Original
images/frame_183.jpg,,,,,
images/frame_184.jpg,,,,,
images/frame_185.jpg,,,,,
images/frame_186.jpg,,,,,
images/frame_187.jpg,,,,,
images/frame_189.jpg,,,,,
images/frame_191.jpg,,,,,
images/frame_192.jpg,,,,,
images/frame_194.jpg,,,,,
images/frame_195.jpg,,,,,
images/frame_196.jpg,,,,,
images/frame_197.jpg,,,,,
images/frame_199.jpg,,,,,
images/frame_201.jpg,324,274,343,295,Fox_Original
images/frame_202.jpg,324,274,343,295,Fox_Original
images/frame_203.jpg,324,274,343,295,Fox_Original
images/frame_204.jpg,324,274,343,295,Fox_Original
images/frame_205.jpg,324,274,343,295,Fox_Original
images/frame_206.jpg,324,274,343,295,Fox_Original
images/frame_207.jpg,324,274,343,295,Fox_Original
images/frame_210.jpg,324,274,343,295,Fox_Original
images/frame_211.jpg,324,274,343,295,Fox_Original
images/frame_212.jpg,324,274,343,295,Fox_Original
images/frame_213.jpg,324,274,343,295,Fox_Original
images/frame_215.jpg,324,274,343,295,Fox_Original
images/frame_216.jpg,324,274,343,295,Fox_Original
images/frame_217.jpg,324,274,343,295,Fox_Original
images/frame_218.jpg,324,274,343,295,Fox_Original
images/frame_219.jpg,324,274,343,295,Fox_Original
images/frame_220.jpg,324,274,343,295,Fox_Original
images/frame_221.jpg,324,274,343,295,Fox_Original
images/frame_223.jpg,324,274,343,295,Fox_Original
images/frame_224.jpg,324,274,343,295,Fox_Original
images/frame_225.jpg,324,274,343,295,Fox_Original
images/frame_227.jpg,324,274,343,295,Fox_Original
images/frame_228.jpg,324,274,343,295,Fox_Original
images/frame_229.jpg,324,274,343,295,Fox_Original
images/frame_230.jpg,324,274,343,295,Fox_Original
images/frame_231.jpg,324,274,343,295,Fox_Original
images/frame_232.jpg,324,274,343,295,Fox_Original
images/frame_235.jpg,324,274,343,295,Fox_Original
images/frame_238.jpg,324,274,343,295,Fox_Original
images/frame_239.jpg,324,274,343,295,Fox_Original
images/frame_240.jpg,324,274,343,295,Fox_Original
images/frame_241.jpg,324,274,343,295,Fox_Original
images/frame_243.jpg,324,274,343,295,Fox_Original
images/frame_244.jpg,324,274,343,295,Fox_Original
images/frame_245.jpg,324,274,343,295,Fox_Original
images/frame_246.jpg,324,274,343,295,Fox_Original
images/frame_247.jpg,324,274,343,295,Fox_Original
images/frame_250.jpg,324,274,343,295,Fox_Original
images/frame_251.jpg,324,274,343,295,Fox_Original
images/frame_252.jpg,324,274,343,295,Fox_Original
images/frame_253.jpg,324,274,343,295,Fox_Original
images/frame_254.jpg,324,274,343,295,Fox_Original
images/frame_255.jpg,324,274,343,295,Fox_Original
images/frame_256.jpg,324,274,343,295,Fox_Original
images/frame_257.jpg,324,274,343,295,Fox_Original
images/frame_259.jpg,324,274,343,295,Fox_Original
images/frame_260.jpg,324,274,343,295,Fox_Original
images/frame_261.jpg,324,274,343,295,Fox_Original
images/frame_262.jpg,324,274,343,295,Fox_Original
images/frame_263.jpg,324,274,343,295,Fox_Original
images/frame_264.jpg,324,274,343,295,Fox_Original
images/frame_266.jpg,324,274,343,295,Fox_Original
images/frame_267.jpg,324,274,343,295,Fox_Original
images/frame_268.jpg,324,274,343,295,Fox_Original
images/frame_269.jpg,324,274,343,295,Fox_Original
images/frame_270.jpg,324,274,343,295,Fox_Original
images/frame_271.jpg,324,274,343,295,Fox_Original
images/frame_272.jpg,324,274,343,295,Fox_Original
images/frame_273.jpg,324,274,343,295,Fox_Original
images/frame_274.jpg,324,274,343,295,Fox_Original
images/frame_275.jpg,324,274,343,295,Fox_Original
images/frame_276.jpg,324,274,343,295,Fox_Original
images/frame_278.jpg,324,274,343,295,Fox_Original
images/frame_279.jpg,324,274,343,295,Fox_Original
images/frame_280.jpg,324,274,343,295,Fox_Original
images/frame_282.jpg,324,274,343,295,Fox_Original
images/frame_284.jpg,324,274,343,295,Fox_Original
images/frame_286.jpg,324,274,343,295,Fox_Original
images/frame_287.jpg,324,274,343,295,Fox_Original
images/frame_288.jpg,324,274,343,295,Fox_Original
images/frame_289.jpg,324,274,343,295,Fox_Original
images/frame_290.jpg,324,274,343,295,Fox_Original
images/frame_291.jpg,324,274,343,295,Fox_Original
images/frame_292.jpg,324,274,343,295,Fox_Original
images/frame_293.jpg,324,274,343,295,Fox_Original
images/frame_294.jpg,324,274,343,295,Fox_Original
images/frame_295.jpg,324,274,343,295,Fox_Original
images/frame_296.jpg,324,274,343,295,Fox_Original
images/frame_298.jpg,324,274,343,295,Fox_Original
images/frame_299.jpg,324,274,343,295,Fox_Original
images/frame_300.jpg,324,274,343,295,Fox_Original
images/frame_302.jpg,324,274,343,295,Fox_Original
images/frame_303.jpg,324,274,343,295,Fox_Original
images/frame_304.jpg,324,274,343,295,Fox_Original
images/frame_306.jpg,324,274,343,295,Fox_Original
images/frame_309.jpg,324,274,343,295,Fox_Original
images/frame_310.jpg,324,274,343,295,Fox_Original
images/frame_311.jpg,324,274,343,295,Fox_Original
images/frame_313.jpg,324,274,343,295,Fox_Original
images/frame_314.jpg,324,274,343,295,Fox_Original
images/frame_316.jpg,324,274,343,295,Fox_Original
images/frame_317.jpg,324,274,343,295,Fox_Original
images/frame_318.jpg,324,274,343,295,Fox_Original
images/frame_320.jpg,324,274,343,295,Fox_Original
images/frame_321.jpg,324,274,343,295,Fox_Original
images/frame_322.jpg,324,274,343,295,Fox_Original
images/frame_323.jpg,324,274,343,295,Fox_Original
images/frame_325.jpg,324,274,343,295,Fox_Original
images/frame_326.jpg,324,274,343,295,Fox_Original
images/frame_327.jpg,324,274,343,295,Fox_Original
images/frame_328.jpg,324,274,343,295,Fox_Original
images/frame_329.jpg,324,274,343,295,Fox_Original
images/frame_330.jpg,324,274,343,295,Fox_Original
images/frame_331.jpg,324,274,343,295,Fox_Original
images/frame_333.jpg,324,274,343,295,Fox_Original
images/frame_334.jpg,324,274,343,295,Fox_Original
images/frame_335.jpg,324,274,343,295,Fox_Original
images/frame_336.jpg,324,274,343,295,Fox_Original
images/frame_337.jpg,324,274,343,295,Fox_Original
images/frame_338.jpg,324,274,343,295,Fox_Original
images/frame_339.jpg,324,274,343,295,Fox_Original
images/frame_340.jpg,324,274,343,295,Fox_Original
images/frame_341.jpg,324,274,343,295,Fox_Original
images/frame_342.jpg,324,274,343,295,Fox_Original
images/frame_345.jpg,324,274,343,295,Fox_Original
images/frame_346.jpg,324,274,343,295,Fox_Original
images/frame_347.jpg,324,274,343,295,Fox_Original
images/frame_348.jpg,324,274,343,295,Fox_Original
images/frame_349.jpg,324,274,343,295,Fox_Original
images/frame_350.jpg,324,274,343,295,Fox_Original
images/frame_351.jpg,324,274,343,295,Fox_Original
images/frame_353.jpg,324,274,343,295,Fox_Original
images/frame_355.jpg,324,274,343,295,Fox_Original
images/frame_356.jpg,324,274,343,295,Fox_Original
images/frame_357.jpg,324,274,343,295,Fox_Original
images/frame_358.jpg,324,274,343,295,Fox_Original
images/frame_359.jpg,324,274,343,295,Fox_Original
images/frame_361.jpg,324,274,343,295,Fox_Original
images/frame_362.jpg,324,274,343,295,Fox_Original
images/frame_363.jpg,324,274,343,295,Fox_Original
images/frame_366.jpg,,,,,
images/frame_367.jpg,,,,,
images/frame_371.jpg,,,,,
images/frame_372.jpg,,,,,
images/frame_373.jpg,,,,,
images/frame_375.jpg,,,,,
images/frame_378.jpg,,,,,
images/frame_380.jpg,,,,,
images/frame_381.jpg,,,,,
images/frame_384.jpg,324,274,343,295,Fox_Original
images/frame_386.jpg,324,274,343,295,Fox_Original
images/frame_387.jpg,324,274,343,295,Fox_Original
images/frame_388.jpg,324,274,343,295,Fox_Original
images/frame_389.jpg,324,274,343,295,Fox_Original
images/frame_390.jpg,324,274,343,295,Fox_Original
images/frame_391.jpg,324,274,343,295,Fox_Original
images/frame_392.jpg,324,274,343,295,Fox_Original
images/frame_393.jpg,324,274,343,295,Fox_Original
images/frame_394.jpg,324,274,343,295,Fox_Original
images/frame_395.jpg,324,274,343,295,Fox_Original
images/frame_398.jpg,324,274,343,295,Fox_Original
images/frame_399.jpg,324,274,343,295,Fox_Original
images/frame_401.jpg,324,274,343,295,Fox_Original
images/frame_403.jpg,324,274,343,295,Fox_Original
images/frame_404.jpg,324,274,343,295,Fox_Original
images/frame_405.jpg,324,274,343,295,Fox_Original
images/frame_406.jpg,324,274,343,295,Fox_Original
images/frame_407.jpg,324,274,343,295,Fox_Original
images/frame_408.jpg,324,274,343,295,Fox_Original
images/frame_409.jpg,324,274,343,295,Fox_Original
images/frame_410.jpg,324,274,343,295,Fox_Original
images/frame_411.jpg,324,274,343,295,Fox_Original
images/frame_412.jpg,324,274,343,295,Fox_Original
images/frame_413.jpg,324,274,343,295,Fox_Original
images/frame_415.jpg,324,274,343,295,Fox_Original
images/frame_416.jpg,324,274,343,295,Fox_Original
images/frame_417.jpg,324,274,343,295,Fox_Original
images/frame_418.jpg,324,274,343,295,Fox_Original
images/frame_422.jpg,324,274,343,295,Fox_Original
images/frame_423.jpg,324,274,343,295,Fox_Original
images/frame_424.jpg,324,274,343,295,Fox_Original
images/frame_425.jpg,324,274,343,295,Fox_Original
images/frame_426.jpg,324,274,343,295,Fox_Original
images/frame_427.jpg,324,274,343,295,Fox_Original
images/frame_428.jpg,324,274,343,295,Fox_Original
images/frame_429.jpg,324,274,343,295,Fox_Original
images/frame_430.jpg,324,274,343,295,Fox_Original
images/frame_431.jpg,324,274,343,295,Fox_Original
images/frame_432.jpg,324,274,343,295,Fox_Original
images/frame_433.jpg,324,274,343,295,Fox_Original
images/frame_434.jpg,324,274,343,295,Fox_Original
images/frame_436.jpg,324,274,343,295,Fox_Original
images/frame_437.jpg,324,274,343,295,Fox_Original
images/frame_438.jpg,324,274,343,295,Fox_Original
images/frame_441.jpg,324,274,343,295,Fox_Original
images/frame_444.jpg,324,274,343,295,Fox_Original
images/frame_445.jpg,324,274,343,295,Fox_Original
images/frame_446.jpg,324,274,343,295,Fox_Original
images/frame_447.jpg,324,274,343,295,Fox_Original
images/frame_448.jpg,324,274,343,295,Fox_Original
images/frame_449.jpg,324,274,343,295,Fox_Original
images/frame_450.jpg,324,274,343,295,Fox_Original
images/frame_452.jpg,324,274,343,295,Fox_Original
images/frame_453.jpg,324,274,343,295,Fox_Original
images/frame_454.jpg,324,274,343,295,Fox_Original
images/frame_455.jpg,324,274,343,295,Fox_Original
images/frame_457.jpg,324,274,343,295,Fox_Original
images/frame_458.jpg,324,274,343,295,Fox_Original
images/frame_459.jpg,324,274,343,295,Fox_Original
images/frame_462.jpg,324,274,343,295,Fox_Original
images/frame_463.jpg,324,274,343,295,Fox_Original
images/frame_464.jpg,324,274,343,295,Fox_Original
images/frame_465.jpg,324,274,343,295,Fox_Original
images/frame_466.jpg,324,274,343,295,Fox_Original
images/frame_468.jpg,324,274,343,295,Fox_Original
images/frame_469.jpg,324,274,343,295,Fox_Original
images/frame_470.jpg,324,274,343,295,Fox_Original
images/frame_471.jpg,324,274,343,295,Fox_Original
images/frame_472.jpg,324,274,343,295,Fox_Original
images/frame_474.jpg,324,274,343,295,Fox_Original
images/frame_475.jpg,324,274,343,295,Fox_Original
images/frame_476.jpg,324,274,343,295,Fox_Original
images/frame_479.jpg,324,274,343,295,Fox_Original
images/frame_480.jpg,324,274,343,295,Fox_Original
images/frame_482.jpg,324,274,343,295,Fox_Original
images/frame_483.jpg,324,274,343,295,Fox_Original
images/frame_484.jpg,324,274,343,295,Fox_Original
images/frame_486.jpg,324,274,343,295,Fox_Original
images/frame_487.jpg,324,274,343,295,Fox_Original
images/frame_489.jpg,324,274,343,295,Fox_Original
images/frame_491.jpg,324,274,343,295,Fox_Original
images/frame_492.jpg,324,274,343,295,Fox_Original
images/frame_494.jpg,324,274,343,295,Fox_Original
images/frame_495.jpg,324,274,343,295,Fox_Original
images/frame_496.jpg,324,274,343,295,Fox_Original
images/frame_497.jpg,324,274,343,295,Fox_Original
images/frame_500.jpg,324,274,343,295,Fox_Original
images/frame_501.jpg,324,274,343,295,Fox_Original
images/frame_502.jpg,324,274,343,295,Fox_Original
images/frame_504.jpg,324,274,343,295,Fox_Original
images/frame_505.jpg,324,274,343,295,Fox_Original
images/frame_507.jpg,324,274,343,295,Fox_Original
images/frame_508.jpg,324,274,343,295,Fox_Original
images/frame_509.jpg,324,274,343,295,Fox_Original
images/frame_510.jpg,324,274,343,295,Fox_Original
images/frame_511.jpg,324,274,343,295,Fox_Original
images/frame_512.jpg,324,274,343,295,Fox_Original
images/frame_513.jpg,324,274,343,295,Fox_Original
images/frame_515.jpg,324,274,343,295,Fox_Original
images/frame_516.jpg,324,274,343,295,Fox_Original
images/frame_517.jpg,324,274,343,295,Fox_Original
images/frame_518.jpg,324,274,343,295,Fox_Original
images/frame_519.jpg,324,274,343,295,Fox_Original
images/frame_520.jpg,324,274,343,295,Fox_Original
images/frame_521.jpg,324,274,343,295,Fox_Original
images/frame_522.jpg,324,274,343,295,Fox_Original
images/frame_523.jpg,324,274,343,295,Fox_Original
images/frame_525.jpg,324,274,343,295,Fox_Original
images/frame_526.jpg,324,274,343,295,Fox_Original
images/frame_532.jpg,324,274,343,295,Fox_Original
images/frame_533.jpg,324,274,343,295,Fox_Original
images/frame_534.jpg,324,274,343,295,Fox_Original
images/frame_535.jpg,324,274,343,295,Fox_Original
images/frame_537.jpg,324,274,343,295,Fox_Original
images/frame_538.jpg,324,274,343,295,Fox_Original
images/frame_539.jpg,324,274,343,295,Fox_Original
images/frame_540.jpg,324,274,343,295,Fox_Original
images/frame_541.jpg,324,274,343,295,Fox_Original
images/frame_543.jpg,324,274,343,295,Fox_Original
images/frame_544.jpg,324,274,343,295,Fox_Original
images/frame_545.jpg,324,274,343,295,Fox_Original
images/frame_546.jpg,324,274,343,295,Fox_Original
images/frame_547.jpg,324,274,343,295,Fox_Original
images/frame_551.jpg,324,274,343,295,Fox_Original
images/frame_552.jpg,324,274,343,295,Fox_Original
images/frame_555.jpg,324,274,343,295,Fox_Original
images/frame_558.jpg,324,274,343,295,Fox_Original
images/frame_559.jpg,,,,,
images/frame_560.jpg,,,,,
images/frame_561.jpg,,,,,
images/frame_562.jpg,,,,,
images/frame_563.jpg,,,,,
images/frame_564.jpg,324,274,343,295,Fox_Original
images/frame_565.jpg,324,274,343,295,Fox_Original
images/frame_566.jpg,324,274,343,295,Fox_Original
images/frame_567.jpg,324,274,343,295,Fox_Original
images/frame_569.jpg,324,274,343,295,Fox_Original
images/frame_570.jpg,324,274,343,295,Fox_Original
images/frame_571.jpg,,,,,
images/frame_573.jpg,,,,,
images/frame_574.jpg,,,,,
images/frame_576.jpg,,,,,
images/frame_579.jpg,,,,,
images/frame_581.jpg,,,,,
images/frame_582.jpg,,,,,
images/frame_583.jpg,,,,,
images/frame_584.jpg,,,,,
images/frame_586.jpg,324,274,343,295,Fox_Original
images/frame_587.jpg,324,274,343,295,Fox_Original
images/frame_589.jpg,324,274,343,295,Fox_Original
images/frame_590.jpg,324,274,343,295,Fox_Original
images/frame_593.jpg,324,274,343,295,Fox_Original
images/frame_595.jpg,324,274,343,295,Fox_Original
images/frame_596.jpg,324,274,343,295,Fox_Original
images/frame_597.jpg,324,274,343,295,Fox_Original
images/frame_598.jpg,324,274,343,295,Fox_Original
images/frame_599.jpg,324,274,343,295,Fox_Original
images/frame_600.jpg,324,274,343,295,Fox_Original
images/frame_601.jpg,324,274,343,295,Fox_Original
images/frame_603.jpg,324,274,343,295,Fox_Original
images/frame_604.jpg,324,274,343,295,Fox_Original
images/frame_605.jpg,324,274,343,295,Fox_Original
images/frame_606.jpg,324,274,343,295,Fox_Original
images/frame_607.jpg,324,274,343,295,Fox_Original
images/frame_608.jpg,324,274,343,295,Fox_Original
images/frame_610.jpg,324,274,343,295,Fox_Original
images/frame_611.jpg,324,274,343,295,Fox_Original
images/frame_612.jpg,324,274,343,295,Fox_Original
images/frame_613.jpg,324,274,343,295,Fox_Original
images/frame_614.jpg,324,274,343,295,Fox_Original
images/frame_616.jpg,324,274,343,295,Fox_Original
images/frame_617.jpg,324,274,343,295,Fox_Original
images/frame_618.jpg,324,274,343,295,Fox_Original
images/frame_619.jpg,324,274,343,295,Fox_Original
images/frame_620.jpg,324,274,343,295,Fox_Original
images/frame_621.jpg,324,274,343,295,Fox_Original
images/frame_623.jpg,324,274,343,295,Fox_Original
images/frame_624.jpg,324,274,343,295,Fox_Original
images/frame_625.jpg,324,274,343,295,Fox_Original
images/frame_627.jpg,324,274,343,295,Fox_Original
images/frame_629.jpg,324,274,343,295,Fox_Original
images/frame_630.jpg,324,274,343,295,Fox_Original
images/frame_631.jpg,324,274,343,295,Fox_Original
images/frame_632.jpg,324,274,343,295,Fox_Original
images/frame_633.jpg,324,274,343,295,Fox_Original
images/frame_634.jpg,324,274,343,295,Fox_Original
images/frame_635.jpg,324,274,343,295,Fox_Original
images/frame_637.jpg,324,274,343,295,Fox_Original
images/frame_638.jpg,324,274,343,295,Fox_Original
images/frame_639.jpg,324,274,343,295,Fox_Original
images/frame_640.jpg,324,274,343,295,Fox_Original
images/frame_641.jpg,324,274,343,295,Fox_Original
images/frame_643.jpg,324,274,343,295,Fox_Original
images/frame_645.jpg,324,274,343,295,Fox_Original
images/frame_648.jpg,324,274,343,295,Fox_Original
images/frame_650.jpg,324,274,343,295,Fox_Original
images/frame_652.jpg,324,274,343,295,Fox_Original
images/frame_653.jpg,324,274,343,295,Fox_Original
images/frame_654.jpg,324,274,343,295,Fox_Original
images/frame_655.jpg,324,274,343,295,Fox_Original
images/frame_657.jpg,324,274,343,295,Fox_Original
images/frame_658.jpg,324,274,343,295,Fox_Original
images/frame_659.jpg,324,274,343,295,Fox_Original
images/frame_660.jpg,324,274,343,295,Fox_Original
images/frame_661.jpg,324,274,343,295,Fox_Original
images/frame_664.jpg,324,274,343,295,Fox_Original
images/frame_666.jpg,324,274,343,295,Fox_Original
images/frame_667.jpg,324,274,343,295,Fox_Original
images/frame_669.jpg,324,274,343,295,Fox_Original
images/frame_670.jpg,324,274,343,295,Fox_Original
images/frame_671.jpg,324,274,343,295,Fox_Original
images/frame_673.jpg,324,274,343,295,Fox_Original
images/frame_674.jpg,324,274,343,295,Fox_Original
images/frame_675.jpg,324,274,343,295,Fox_Original
images/frame_676.jpg,324,274,343,295,Fox_Original
images/frame_677.jpg,324,274,343,295,Fox_Original
images/frame_680.jpg,324,274,343,295,Fox_Original
images/frame_681.jpg,324,274,343,295,Fox_Original
images/frame_683.jpg,324,274,343,295,Fox_Original
images/frame_684.jpg,324,274,343,295,Fox_Original
images/frame_686.jpg,324,274,343,295,Fox_Original
images/frame_687.jpg,324,274,343,295,Fox_Original
images/frame_688.jpg,324,274,343,295,Fox_Original
images/frame_689.jpg,324,274,343,295,Fox_Original
images/frame_690.jpg,,,,,
images/frame_691.jpg,,,,,
images/frame_692.jpg,,,,,
images/frame_693.jpg,,,,,
images/frame_694.jpg,,,,,
images/frame_695.jpg,,,,,
images/frame_696.jpg,,,,,
images/frame_697.jpg,,,,,
images/frame_698.jpg,,,,,
images/frame_699.jpg,,,,,
